COU,Country,Year,Avg. Work Hours (Annual),Avg. Wages (Annual),GDP (constant 2010 US$),Population density (people per sq. km of land area),Life Ladder,Log GDP per capita,Social support,Healthy life expectancy at birth,Freedom to make life choices,Generosity,Perceptions of corruption,Positive affect,Negative affect,Confidence in national government,Democratic Quality,Delivery Quality,Standard deviation of ladder by country-year,Standard deviation/Mean of ladder by country-year,"gini of household income reported in Gallup, by wp5-year"
AUS,Australia,2010,1699.94,52252.979439999996,1144260000000.0,2.867858584,7.450047016,10.63258171,0.95451957,72.19999695,0.932058573,0.308317155,0.36612740200000005,0.8342362640000001,0.22007320800000002,0.609752893,1.154312849,1.8158979419999999,1.737801909,0.233260527,0.412946343
AUS,Australia,2011,1699.92,53905.77401,1172310000000.0,2.90798641,7.405616283,10.64290237,0.9670292140000001,72.30000305,0.9445864559999999,0.360889763,0.381771743,0.8158602709999999,0.195323676,0.5307866929999999,1.1947155,1.8354439740000001,1.7759034630000001,0.23980495300000002,0.43118131200000004
AUS,Australia,2012,1692.55,54226.18947999999,1217930000000.0,2.95920037,7.195585727999999,10.66322899,0.9445990320000001,72.40000153,0.935146272,0.265168518,0.368251741,0.810741782,0.214396909,0.420419186,1.248593807,1.79015696,1.761226296,0.24476482,0.40605643399999997
AUS,Australia,2013,1689.38,53977.41911,1250080000000.0,3.0105735260000004,7.364169121000001,10.67169762,0.9282051920000001,72.5,0.933379173,0.26027953600000003,0.43153902899999996,0.818835258,0.177142262,0.455871463,1.233743429,1.75117445,1.737719178,0.23596948399999998,0.38120749600000003
AUS,Australia,2014,1683.27,54391.75744,1282060000000.0,3.055814795,7.288550377000001,10.68160057,0.92379874,72.59999847,0.9229322670000001,0.31003502,0.44202137,0.775209963,0.245304301,0.464676231,1.196954012,1.81184423,1.7954154009999999,0.24633367399999997,0.451516807
AUS,Australia,2016,1673.4,53971.597460000005,1349300000000.0,3.1449355310000002,7.250080109,10.7030983,0.942334235,73.0,0.922315717,0.229792744,0.39854511600000003,0.790868282,0.236085787,0.452731758,1.199453712,1.759352803,1.6988278630000002,0.234318495,0.520914137
AUS,Australia,2017,1674.9,53507.28546,1375720000000.0,3.198361419,7.25703764,10.70658112,0.9499578479999999,73.30000305,0.9105501770000001,0.308772951,0.411346525,0.7800788879999999,0.225360975,0.45340696,1.140083551,1.7356719969999999,1.745698929,0.24055255899999997,0.428340912
AUT,Austria,2010,1557.0,50096.714439999996,391893000000.0,101.2874302,7.302678585,10.67674351,0.9141933320000001,71.40000153,0.8959797620000001,0.129111528,0.546144843,0.8147191999999999,0.155792549,0.48644661899999997,1.291469574,1.6700849530000001,1.7532476190000001,0.240082815,0.367440253
AUT,Austria,2011,1562.0,49578.9147,403347000000.0,101.6417364,7.470512867,10.70218182,0.944156826,71.54000092,0.9393556120000001,0.129719824,0.702721,0.7894708509999999,0.14523755,0.406920105,1.297982693,1.5584615469999998,1.848879695,0.24749033199999998,0.34694165
AUT,Austria,2012,1540.0,49835.11427,406092000000.0,102.11486540000001,7.400688647999999,10.70440388,0.9451423879999999,71.68000031,0.919703901,0.11593899099999999,0.770585775,0.8222477440000001,0.15667499599999998,0.376573861,1.39467001,1.586992741,1.7226686480000002,0.232771397,0.323470145
AUT,Austria,2013,1525.0,49896.49234,406195000000.0,102.7471302,7.498802662,10.6987648,0.9498091940000001,71.81999969,0.921734452,0.166400507,0.6789368990000001,0.787312806,0.162603319,0.417099237,1.410333991,1.620333314,1.861462116,0.248234585,0.359079063
AUT,Austria,2014,1516.0,50082.84861,408881000000.0,103.56332420000001,6.9499998089999995,10.69920254,0.8989204759999999,71.95999908,0.8850268720000001,0.11564018599999999,0.566931307,0.7796927690000001,0.17014955,0.40769541299999995,1.331010818,1.6218787430000001,1.836291671,0.264214635,0.344870776
AUT,Austria,2016,1512.0,50906.020280000004,421989000000.0,105.86949340000001,7.048071861,10.70244312,0.9263185859999999,72.40000153,0.888513982,0.078159958,0.52364099,0.755902588,0.19742384600000001,0.43263822799999996,1.12349689,1.579037547,1.7044001819999999,0.241825029,0.292294294
AUT,Austria,2017,1511.0,50851.39713,432754000000.0,106.6074453,7.293727875,10.72407532,0.9062178129999999,72.69999695,0.8900305629999999,0.131114438,0.518303812,0.747568727,0.18026872,0.43590793,1.189480543,1.5593127009999999,1.5610619780000001,0.21402800100000002,0.322941631
BEL,Belgium,2010,1546.0,50872.487,483548000000.0,359.82780710000003,6.853514194,10.62342072,0.930570185,70.80000305,0.806930244,0.018612977,0.697365582,0.8282585140000001,0.24036432800000002,0.33651647,1.085666656,1.4451680180000002,1.603352189,0.23394599600000002,0.393780649
BEL,Belgium,2011,1560.0,51204.9434,492244000000.0,364.5397622,7.111363888,10.627375599999999,0.9369554520000001,70.91999817,0.880153596,-0.01785933,0.711043894,0.834544539,0.225056365,0.289129466,1.139849305,1.472870708,1.62850821,0.229000822,0.447315395
BEL,Belgium,2012,1560.0,51550.58104,493399000000.0,366.8075297,6.935122012999999,10.62246037,0.92711705,71.04000092,0.8552666309999999,-0.053328025999999994,0.7575725320000001,0.820485771,0.23827680899999998,0.44011718,1.136510849,1.466563344,1.834067941,0.264460802,0.327320158
BEL,Belgium,2013,1558.0,52221.578030000004,494389000000.0,368.5405218,7.10366106,10.61957264,0.9091861840000001,71.16000366,0.8907110690000001,0.013638751000000001,0.573664308,0.797417402,0.21713894600000003,0.554124534,1.156564236,1.502777338,1.5017786030000002,0.21140910699999999,0.330040932
BEL,Belgium,2014,1545.0,52514.32761,500592000000.0,370.180218,6.855329037000001,10.63007927,0.9435491559999999,71.27999878,0.86095351,-0.001687139,0.511975765,0.797633767,0.251557052,0.46911162100000003,1.033804297,1.40902257,1.681074142,0.245221511,0.402563632
BEL,Belgium,2016,1545.0,51951.715,516766000000.0,374.22133419999994,6.948936462000001,10.64741421,0.9289640779999999,71.59999847,0.865759015,-0.058440432,0.49665909999999996,0.764590085,0.259653389,0.41917750200000004,0.909132481,1.4242153169999998,1.497023702,0.215432063,0.34862980200000004
BEL,Belgium,2017,1545.0,51736.09972,525514000000.0,375.9046565,6.928347587999999,10.66098404,0.921639085,71.80000305,0.856801987,0.051760148,0.5430460570000001,0.786367595,0.23359769600000002,0.449731916,0.904255331,1.316667318,1.510013223,0.217947096,0.35437384200000005
CAN,Canada,2010,1715.0,45502.56024,1613460000000.0,3.7395102660000004,7.650346279,10.6139679,0.9537654520000001,72.19999695,0.933948815,0.22300235899999998,0.412659585,0.878867686,0.23311285699999998,0.551076472,1.14445734,1.838643909,1.749785304,0.22871975600000002,0.710133135
CAN,Canada,2011,1713.0,46203.40255,1664150000000.0,3.7766253069999998,7.426053523999999,10.63502026,0.921669245,72.36000061,0.9509252909999999,0.245647863,0.432991534,0.88138485,0.24772866100000002,0.553290546,1.228660107,1.795956492,1.8194556240000002,0.245009765,0.9614353179999999
CAN,Canada,2012,1722.0,47275.53082,1693190000000.0,3.821466628,7.415144444,10.64052105,0.9481283429999999,72.51999664,0.9179611209999999,0.28257176300000003,0.46560183200000005,0.8567036990000001,0.229332089,0.523448169,1.275260806,1.792761922,1.77270925,0.23906604899999997,0.884413838
CAN,Canada,2013,1716.0,48191.59919,1735100000000.0,3.865654736,7.593793869,10.6534729,0.936239362,72.68000031,0.9160138959999999,0.308129936,0.406236142,0.8512969020000001,0.262850314,0.505976021,1.257454157,1.79271102,1.658059239,0.21834398800000002,0.552203357
CAN,Canada,2014,1710.0,48717.527760000004,1784650000000.0,3.907770267,7.30425787,10.67079449,0.9178363079999999,72.83999634,0.93889761,0.262353837,0.441735327,0.833403885,0.25860241100000003,0.516953588,1.293931961,1.8331633809999999,1.759425759,0.24087673399999998,0.6790111059999999
CAN,Canada,2016,1706.0,47793.36844,1828000000000.0,3.987965483,7.244845867,10.67448139,0.9243925209999999,73.19999695,0.912423909,0.203222767,0.385090441,0.824586391,0.23742286899999998,0.618195295,1.351965904,1.837898731,1.7764630319999999,0.245203704,0.606446326
CAN,Canada,2017,1695.0,48247.09108,1883710000000.0,4.03673422,7.414868355,10.69234467,0.93374896,73.40000153,0.9451450109999999,0.155016169,0.362034321,0.8627734779999999,0.21798116,0.652735949,1.2952837940000002,1.8665276769999999,1.603363752,0.21623630800000002,0.601348937
CZE,Czech Republic,2010,1800.0,22944.4926,207478000000.0,135.6086225,6.249617577,10.25248623,0.934161127,68.09999847,0.77911222,-0.043541737000000004,0.925964117,0.641369283,0.244084343,0.334044516,1.002025723,0.87146008,1.8815426830000002,0.301065236,0.26753065
CZE,Czech Republic,2011,1806.0,23101.99456,211166000000.0,135.8892802,6.331490992999999,10.26804066,0.91351074,68.23999786,0.787180007,-0.10824278,0.949787855,0.600925982,0.252808869,0.206286699,1.065891027,0.877707362,1.9321316480000001,0.305162191,0.269167125
CZE,Czech Republic,2012,1776.0,23089.6502,209477000000.0,136.0971773,6.334149361000001,10.25861073,0.91242677,68.37999725,0.739808738,-0.155507952,0.956799686,0.609040797,0.256508142,0.169811338,1.012242913,0.825533271,2.028648853,0.320271701,0.288669348
CZE,Czech Republic,2013,1763.0,22846.099459999998,208464000000.0,136.15995859999998,6.697655677999999,10.25343132,0.8880433440000001,68.51999664,0.725945652,-0.15745765,0.91589886,0.719957829,0.252652615,0.24254262399999998,1.034656048,0.8114690179999999,1.9995489119999998,0.298544586,0.293449998
CZE,Czech Republic,2014,1777.0,23324.261319999998,214124000000.0,136.30338,6.4837298389999996,10.27916718,0.877915204,68.66000366,0.800421,-0.169764236,0.8968806859999999,0.6784069540000001,0.23522056600000002,0.339732826,1.008328915,0.885882437,2.031708002,0.31335482,0.24481281600000002
CZE,Czech Republic,2016,1779.0,24778.2455,231018000000.0,136.8341362,6.735627173999999,10.3526144,0.930592895,69.30000305,0.8503282670000001,-0.199620038,0.900430739,0.755701959,0.201041639,0.415120721,1.000417948,0.9032307270000001,1.682170749,0.249742255,0.29053387
CZE,Czech Republic,2017,1784.0,25804.10436,241074000000.0,137.1981093,6.789567947,10.39224911,0.900968969,69.80000305,0.8317855,-0.178765178,0.866524994,0.738743961,0.22664979100000002,0.343870819,0.99339664,0.985034347,1.697134495,0.249962077,0.282945663
DNK,Denmark,2010,1422.0,52263.8567,321995000000.0,130.74906909999999,7.770515442000001,10.69190979,0.9749770759999999,70.40000153,0.943630815,0.23789697899999998,0.174896091,0.7848266359999999,0.154562935,0.586689413,1.291459084,2.057426929,1.5172172780000002,0.19525310399999998,0.434082836
DNK,Denmark,2011,1437.0,51993.258839999995,326300000000.0,131.2885223,7.78823185,10.70107079,0.961736143,70.62000275,0.9347601529999999,0.292957395,0.220043078,0.7694360020000001,0.174883381,0.471823335,1.325999975,2.083353519,1.500663996,0.19268353300000002,0.61589241
DNK,Denmark,2012,1423.0,51923.10356,327039000000.0,133.1643725,7.519909382000001,10.69957066,0.951437175,70.83999634,0.932627916,0.13419172199999999,0.187407613,0.7737635970000001,0.20856951199999998,0.534252763,1.29451251,2.01157999,1.702373385,0.22638216600000002,0.365274489
DNK,Denmark,2013,1426.0,52260.70461,330091000000.0,133.7206954,7.588606834,10.70469189,0.9647079709999999,71.05999756,0.920254648,0.210207686,0.170042172,0.862346828,0.19467379199999998,0.391405106,1.312752008,2.026952028,1.721857905,0.22690039899999997,0.38676554
DNK,Denmark,2014,1414.0,53260.744060000005,335436000000.0,134.4004525,7.5075592989999995,10.71568489,0.956344306,71.27999878,0.941572249,0.11341865400000001,0.237218335,0.8324829340000001,0.232612774,0.457836896,1.238178492,1.962424636,1.669512272,0.22237749399999998,0.46938821700000005
DNK,Denmark,2016,1412.0,55032.34644,351532000000.0,136.4136699,7.55778265,10.73620605,0.954451501,71.80000305,0.948230565,0.134531945,0.20989337600000002,0.836115718,0.207583427,0.467660695,1.204600453,1.898684382,1.611469865,0.213219926,0.50498873
DNK,Denmark,2017,1405.0,54722.5035,359485000000.0,137.2941176,7.593702316,10.75112534,0.952100098,72.09999847,0.955416322,0.152028441,0.18114756,0.8236674070000001,0.20577530600000002,0.572353303,1.1904433970000001,1.868862629,1.66807425,0.219665483,0.630812943
FIN,Finland,2010,1592.0,43535.17087,247800000000.0,17.64841066,7.393264294,10.59283066,0.935481369,70.40000153,0.916009128,0.086498298,0.41251570000000004,0.832108617,0.20209465899999998,0.46184361,1.4551599030000002,2.0583732130000003,1.6717381480000002,0.22611637399999998,0.403238714
FIN,Finland,2011,1587.0,43684.94029,254170000000.0,17.73099477,7.354225158999999,10.6135788,0.937856853,70.63999939,0.936448395,0.096755996,0.319593191,0.772944152,0.20523864,0.565402389,1.4505112169999999,2.052244186,1.613047361,0.219336137,0.458035171
FIN,Finland,2012,1575.0,43715.15615,250545000000.0,17.81556155,7.420209408,10.59445572,0.9277393820000001,70.87999725,0.920968115,-0.00570858,0.360733956,0.7962850929999999,0.201654434,0.5979415770000001,1.50073123,2.0591225619999998,1.6301324369999999,0.219688192,0.37971097200000004
FIN,Finland,2013,1565.0,43245.26697,248646000000.0,17.89783145,7.444635868,10.58223915,0.940869093,71.12000275,0.918625355,0.034851782000000005,0.305770457,0.7689573759999999,0.194672555,0.42059373899999997,1.47943902,2.041153908,1.56188035,0.20979942399999998,0.412970424
FIN,Finland,2014,1562.0,43229.09351,247075000000.0,17.97200303,7.384571075,10.57176685,0.952016532,71.36000061,0.933043957,-0.005278334,0.265479892,0.7841095920000001,0.198813885,0.468558848,1.412057161,2.037089586,1.608321071,0.21779479100000002,0.429592639
FIN,Finland,2016,1560.0,43968.93163,255195000000.0,18.08200783,7.659843445,10.58807755,0.9539404509999999,71.69999695,0.948372185,-0.030627485,0.249659568,0.797325075,0.18199844699999998,0.485727251,1.2653723959999998,1.975339055,1.479018688,0.193087325,0.39482122700000005
FIN,Finland,2017,1556.0,43801.86904,261965000000.0,18.1244908,7.788251877,10.61117172,0.963826418,71.80000305,0.962198973,-0.005695975,0.19241277899999998,0.787137091,0.176065788,0.59753859,1.311007023,1.999899864,1.4163982869999998,0.181863442,0.42561444600000004
FRA,France,2010,1540.0,42435.38246,2642610000000.0,118.75934,6.797901154,10.51476955,0.942954779,72.19999695,0.8497021790000001,-0.108059548,0.622954249,0.789724112,0.260568112,0.401466221,0.941972136,1.432198048,1.757904291,0.258595139,0.362922639
FRA,France,2011,1546.0,42370.29756,2700550000000.0,119.33511200000001,6.959185122999999,10.53051186,0.92128557,72.40000153,0.903366625,-0.106961221,0.626624525,0.780809402,0.28099477300000003,0.375089258,0.8868305679999999,1.374962091,1.681088209,0.241563946,0.45064759299999996
FRA,France,2012,1541.0,42654.36826,2709010000000.0,119.91407279999999,6.649365425,10.52749729,0.93709743,72.59999847,0.8413203359999999,-0.153478965,0.607905269,0.754119575,0.252988011,0.44062534,0.8965236540000001,1.3451526169999999,1.7945482730000002,0.269882649,0.328147918
FRA,France,2013,1526.0,43012.54154,2724620000000.0,120.5329508,6.66712141,10.52809525,0.9076908229999999,72.80000305,0.8777957559999999,-0.12892994300000002,0.6990693809999999,0.8001360890000001,0.20496968899999998,0.395130515,0.833995342,1.3488167519999998,1.922264218,0.288319975,0.341182142
FRA,France,2014,1518.0,43308.84587,2750680000000.0,121.1126749,6.466867924,10.53272915,0.877504528,73.0,0.8034741879999999,-0.122516043,0.6556374429999999,0.8110544679999999,0.215893835,0.26380172399999996,0.759364009,1.317823052,1.853521585,0.286618143,0.432021111
FRA,France,2016,1526.0,44220.25463,2813860000000.0,122.10558710000001,6.475208759,10.54698849,0.884922922,73.40000153,0.786780477,-0.095642865,0.622697055,0.772661328,0.27003625,0.283978164,0.520080805,1.3222753999999999,1.8015296459999999,0.278219551,0.340985149
FRA,France,2017,1522.0,44469.020580000004,2874670000000.0,122.55438970000002,6.635222435,10.56115437,0.931494594,73.59999847,0.83389014,-0.127377018,0.601486027,0.762097776,0.241983935,0.37479353,0.67997849,1.301757574,1.631064415,0.24581910699999998,0.37285524600000003
DEU,Germany,2010,1389.9,44451.21699,3417090000000.0,234.6069082,6.724531174,10.60729599,0.9393086429999999,70.90000153,0.842656434,0.091027394,0.688005984,0.793705821,0.182344139,0.395424008,1.047308922,1.637933135,1.861712337,0.276853859,0.465919226
DEU,Germany,2011,1392.8,45209.41817,3542160000000.0,230.3046333,6.621312141000001,10.6617794,0.947236657,70.98000336,0.906293273,0.028837385,0.677172124,0.7936662440000001,0.165199533,0.42458313700000005,1.095714569,1.617307305,1.850586772,0.279489428,0.434343398
DEU,Germany,2012,1375.0,45725.15818,3559590000000.0,230.75062549999998,6.7023620610000005,10.66480923,0.926406622,71.05999756,0.9044404629999999,0.066865228,0.67923671,0.803739309,0.169576168,0.5169281960000001,1.084679604,1.656006575,1.830847383,0.273164511,0.405439347
DEU,Germany,2013,1362.7,46277.16566,3577010000000.0,231.15571260000002,6.965125083999999,10.66696453,0.931420565,71.13999939,0.894312978,0.020103833,0.56579423,0.743487358,0.204995915,0.557760656,1.167083979,1.6397185330000001,1.821391582,0.26150164,0.37683653799999994
DEU,Germany,2014,1366.9,47010.04711,3654920000000.0,232.1080539,6.984214306,10.68190861,0.937558949,71.22000122,0.8986834290000001,0.083833963,0.473952919,0.785408497,0.187844872,0.601368845,1.180758357,1.782412052,1.664546013,0.238329738,0.454417616
DEU,Germany,2016,1362.8,48709.63953,3801860000000.0,235.71292940000004,6.873763084,10.70171165,0.906029284,71.59999847,0.8705150490000001,0.144377634,0.445922136,0.7377459409999999,0.187254936,0.5526135560000001,1.022540092,1.754329681,1.775906086,0.258360088,0.354512513
DEU,Germany,2017,1360.4,49161.09391,3883870000000.0,236.6780026,7.0743246079999995,10.71949959,0.8921660779999999,71.90000153,0.8407278659999999,0.141375408,0.414021194,0.7365657090000001,0.19643481100000001,0.622935653,0.982752085,1.737967253,1.441730261,0.20379757899999998,0.319597334
GRC,Greece,2010,1932.0,31510.05117,299362000000.0,86.27882855,5.839558601,10.2655611,0.8684224490000001,71.5,0.484110981,-0.304612339,0.954113841,0.633947492,0.291516393,0.236502409,0.385255605,0.44335699100000003,2.2792551519999997,0.39031291,0.323342144
GRC,Greece,2011,1949.0,29445.28719,272022000000.0,86.1512723,5.372039795,10.17127228,0.85155499,71.55999756,0.5281259420000001,-0.317883313,0.941152513,0.591371894,0.322790802,0.17515121399999997,0.360879898,0.370681077,2.212227583,0.41180402,0.325478792
GRC,Greece,2012,1966.0,28108.0392,252163000000.0,85.68666408,5.0963540080000005,10.10087299,0.81214112,71.62000275,0.37261042,-0.306134254,0.958908975,0.580687582,0.35150629299999997,0.126218989,0.241770923,0.271006763,2.490795374,0.48874065299999997,0.344145775
GRC,Greece,2013,1970.0,26289.756230000003,243990000000.0,85.06757952,4.720251083,10.07517338,0.686650038,71.68000031,0.42596653100000004,-0.27318894899999996,0.941309869,0.689162374,0.48218315799999995,0.143608585,0.257947892,0.378082395,2.284193993,0.48391366,0.319987625
GRC,Greece,2014,1933.0,26803.24237,245795000000.0,84.50281614,4.75623703,10.08920479,0.832333207,71.73999786,0.369156331,-0.28912001800000003,0.9302138090000001,0.6946759220000001,0.385433316,0.18829274199999999,0.23915565,0.24203392899999998,2.412558317,0.507240951,0.314226389
GRC,Greece,2016,1942.0,26506.09185,244251000000.0,83.5994647,5.302619457,10.09459305,0.802605867,72.0,0.481616855,-0.26143381,0.898470819,0.700504363,0.33620750899999996,0.13248655199999998,0.27343174800000003,0.097654387,2.317297935,0.43701005,0.317848623
GRC,Greece,2017,1956.0,26486.310019999997,247927000000.0,83.42537626,5.14824152,10.10945988,0.7528995279999999,72.19999695,0.43830001399999996,-0.291227311,0.87223947,0.60293901,0.332830757,0.139880896,0.291475028,0.12445531,2.411631107,0.46843782100000003,0.34670594299999996
HUN,Hungary,2010,1777.0,21617.7991,130923000000.0,110.46087479999998,4.725132465,10.01700497,0.895693719,65.59999847,0.513835371,-0.15165179999999998,0.98327601,0.6558164360000001,0.234813049,0.251568109,0.789993286,0.707273602,1.9737563130000002,0.41771450600000004,0.322203815
HUN,Hungary,2011,1769.9,21604.24091,133093000000.0,110.14831550000001,4.917602539,10.03632164,0.893662214,65.76000214,0.631100118,-0.09554869699999999,0.939908028,0.642114282,0.30451956399999996,0.35979417,0.790113568,0.717952192,2.09452486,0.42592397299999996,0.320391357
HUN,Hungary,2012,1750.0,20852.274080000003,130922000000.0,109.5809345,4.683358192,10.02491188,0.906113982,65.91999817,0.56923151,-0.142413616,0.930297315,0.65190798,0.315398008,0.209778264,0.712581217,0.64710778,2.094283819,0.44717565200000003,0.310641199
HUN,Hungary,2013,1744.6,20893.44423,133663000000.0,109.2795979,4.914466858,10.04841042,0.877318323,66.08000183,0.673728287,-0.11943166,0.911533177,0.705703676,0.306724131,0.32789593899999997,0.766919494,0.616362095,2.266593456,0.461208403,0.321232885
HUN,Hungary,2014,1751.7,20707.45771,139309000000.0,108.98561799999999,5.18056345,10.09251308,0.844735265,66.23999786,0.494474709,-0.15642684699999998,0.855361402,0.650690138,0.237619638,0.308385164,0.6115855570000001,0.48798129,1.8822979930000001,0.36333847,0.320106834
HUN,Hungary,2016,1760.0,21077.55692,147526000000.0,108.40630729999998,5.448901652999999,10.15285015,0.899511576,66.80000305,0.55395174,-0.19341144,0.924185812,0.66591078,0.24332577,0.30377233,0.527955234,0.394931078,1.845377684,0.338669658,0.301498115
HUN,Hungary,2017,1741.3,22492.67745,153629000000.0,108.1184801,6.065038681,10.19531918,0.8767475490000001,67.19999695,0.6611659529999999,-0.145813331,0.886361301,0.735184252,0.18092127100000002,0.377770513,0.589618564,0.445649564,1.7924091819999999,0.295531362,0.330753207
ISL,Iceland,2010,1514.0,45951.92989,13683689802.0,3.172478803,8.380820377791194,9.213021430270373,0.9849596737066582,36.67355035974315,0.8895675005494631,0.23929958646281554,0.7704792303617312,0.9017099586789481,0.1578029909255887,0.24498030193970569,1.323056329541359,1.516157975492668,1.520268328295912,0.20567719875093027,0.4165844277220234
ISL,Iceland,2011,1524.0,48156.17722,13941164776.0,3.1821845389999996,7.814237468767826,10.207258763761647,0.9819633277379124,68.64154609738407,0.8970011134634611,0.23948338295328964,0.7646532025708987,0.9007236505529159,0.1575079639390267,0.25058808974731467,1.3338195759155267,1.5314408537291613,1.5458745866934693,0.20616553464213325,0.41011279743288503
ISL,Iceland,2012,1510.0,48049.69794,14121903068.0,3.199162095,7.590660095,10.59492397,0.978965282,72.76000214,0.9046545029999999,0.239700317,0.7585856320000001,0.899718463,0.157153815,0.257335573,1.34399128,1.545394659,1.569349289,0.20674741300000002,0.40288952
ISL,Iceland,2013,1510.0,48858.15059,14705681513.0,3.229566085,7.501394272000001,10.62764359,0.967144907,72.83999634,0.9232077,0.304012835,0.712598741,0.869971037,0.15627557,0.456565946,1.363351345,1.551135063,1.5686975719999998,0.209120795,0.332603514
ISL,Iceland,2014,1503.0,49471.50415,15011601923.0,3.2656957610000004,7.580917964021123,10.275653246800923,0.9869601711191732,73.0,0.9412860753821198,0.30747413231855275,0.6116912397025062,0.8298376022309237,0.18236246253846985,0.44093825632943234,1.3210129400097173,1.6021681582677918,1.7368559098018725,0.22581088610093358,0.4035329313398118
ISL,Iceland,2016,1494.0,58131.149529999995,16835179721.0,3.3460249380000002,7.510034561,10.7283411,0.984940052,73.0,0.9516095520000001,0.278244555,0.719299555,0.873887897,0.158169165,0.36351829799999996,1.358806014,1.532976985,1.5712463859999999,0.20921959,0.340639085
ISL,Iceland,2017,1483.0,64415.10845,17512773948.0,3.4254364089999996,7.476213932,10.74684143,0.966752827,73.0,0.938783288,0.24332368399999998,0.7268453840000001,0.895254552,0.148160011,0.36504194100000004,1.3744952680000002,1.5818408730000002,1.6300908330000001,0.21803695,0.33243790300000003
IRL,Ireland,2010,1702.0,48697.70833,222134000000.0,66.19473073,7.257389545,10.69263554,0.972885907,71.5,0.85602957,0.346274585,0.618024111,0.875982642,0.200655416,0.332579374,1.17229867,1.6066871880000002,1.905356526,0.26254019100000003,0.575250983
IRL,Ireland,2011,1702.0,48764.65687,230400000000.0,66.484018,7.006904125,10.71768761,0.977377594,71.59999847,0.952034354,0.379793316,0.589912653,0.86522454,0.19030945,0.529104173,1.127179742,1.5939091440000002,1.888444901,0.269512028,0.502658725
IRL,Ireland,2012,1707.0,48153.35402,230820000000.0,66.76633764,6.964645386,10.71382141,0.9617859129999999,71.69999695,0.90219456,0.29874143,0.572632253,0.835201979,0.23666156800000002,0.34587270000000003,1.131797075,1.579027534,1.870121717,0.268516421,0.470194757
IRL,Ireland,2013,1720.0,46724.76237,233906000000.0,67.11882712,6.760085106,10.72481155,0.955188334,71.80000305,0.883772016,0.327679008,0.558394194,0.814344585,0.245267823,0.28501555300000003,1.1064054970000001,1.584632158,1.983884215,0.293470293,0.44849968
IRL,Ireland,2014,1731.0,46314.707930000004,254491000000.0,67.61126433,7.018379211,10.7974987,0.9677446479999999,71.90000153,0.921629548,0.259822041,0.406036258,0.7843348379999999,0.22872304899999998,0.459882379,1.185246229,1.6865000719999999,1.672049999,0.238238767,0.49598401799999997
IRL,Ireland,2016,1739.0,47709.02246,334294000000.0,69.0279431,7.04073143,11.05449009,0.9581440090000001,72.09999847,0.874589145,0.168430954,0.398544312,0.8092030290000001,0.211063311,0.574739754,1.069366932,1.5433708430000002,1.8430733680000002,0.26177299,0.36578542
IRL,Ireland,2017,1738.0,47302.779160000006,358436000000.0,69.84062999,7.060155392,11.11744022,0.943481982,72.19999695,0.905341148,0.21075968399999997,0.33708474,0.833388925,0.21278412600000002,0.603799641,1.155644417,1.463197708,1.761334419,0.24947529999999998,0.367454171
ITA,Italy,2010,1777.3,39051.105339999995,2125060000000.0,201.5279017,6.354238033,10.4968462,0.8723841309999999,72.80000305,0.737738907,-0.061857227,0.921075165,0.596380711,0.235879943,0.333916396,0.718360543,0.473874211,1.958520412,0.30822271100000004,0.333891571
ITA,Italy,2011,1773.3,38438.74635,2137310000000.0,201.8747841,6.057086468,10.50087643,0.913309336,72.83999634,0.567738414,-0.020065753000000002,0.9334609509999999,0.6583942770000001,0.265567929,0.25955969100000004,0.70651567,0.43591269899999996,1.630717635,0.26922476300000003,0.32957381
ITA,Italy,2012,1734.2,37279.12066,2077060000000.0,202.41965390000001,5.8393139839999995,10.46958542,0.86948663,72.87999725,0.570094943,0.110555314,0.9083236459999999,0.66976124,0.387652248,0.28069460399999996,0.712513387,0.410039097,2.1909852030000003,0.375212789,0.369049281
ITA,Italy,2013,1719.5,37338.27385,2041170000000.0,204.77985990000002,6.009373665,10.44056034,0.916296065,72.91999817,0.499168754,-0.104565948,0.942639291,0.778827429,0.35661619899999997,0.145972148,0.7248582840000001,0.424433529,1.701400042,0.283124357,0.296771884
ITA,Italy,2014,1717.1,37481.9106,2043490000000.0,206.66736930000002,6.026585102,10.43252182,0.89789933,72.95999908,0.623531222,-0.06720639,0.919959545,0.7160642740000001,0.35601961600000004,0.309035748,0.7287139890000001,0.340944111,2.005415201,0.332761437,0.47224721299999994
ITA,Italy,2016,1721.7,38059.94919,2085990000000.0,206.1178282,5.95452404,10.45320511,0.9272128340000001,73.19999695,0.623741627,-0.082749397,0.902801216,0.6854228379999999,0.339173585,0.23759909,0.7016798259999999,0.41480672399999996,1.871863604,0.314359903,0.397048205
ITA,Italy,2017,1719.0,37696.6486,2118780000000.0,205.8091691,6.198870182,10.469371800000001,0.9197912220000001,73.40000153,0.632843256,-0.037178084,0.866667926,0.661180735,0.322846144,0.230196297,0.6453157660000001,0.429987013,1.927246571,0.310902864,0.346708387
JPN,Japan,2010,1733.0,40175.19119,5700100000000.0,351.30983399999997,6.056752682000001,10.48429871,0.901924908,73.80000305,0.7717223759999999,-0.151213542,0.769557059,0.827118337,0.187703073,0.27027148,0.960023105,1.358309865,1.978432059,0.32664898,0.330657125
JPN,Japan,2011,1728.0,41082.06978,5693520000000.0,350.65490800000003,6.262793541000001,10.48499584,0.916703701,73.98000336,0.814396441,-0.06277260900000001,0.733798981,0.7757174370000001,0.18105547100000002,0.231063634,1.033112645,1.356333971,1.9874373669999998,0.31734040399999996,0.373215824
JPN,Japan,2012,1745.0,40380.393280000004,5778640000000.0,350.09052010000005,5.968216419,10.50143337,0.9052954320000001,74.16000366,0.752831519,-0.06832427710680421,0.692387402,0.776910841,0.17147471,0.169178054,1.024869084,1.3860784769999999,1.9020839930000002,0.318702251,0.36115574799999994
JPN,Japan,2013,1734.0,40352.78811,5894230000000.0,349.5858021,5.959361553,10.52268124,0.923688352,74.33999634,0.821416557,-0.157917306,0.650498211,0.7938088179999999,0.174621537,0.358106881,1.064394474,1.4583613869999998,1.9056199790000001,0.319769144,0.34886989
JPN,Japan,2014,1729.0,39633.251939999995,5916320000000.0,349.1222295,5.922620772999999,10.52774811,0.9000403290000001,74.51999664,0.8380517359999999,-0.150382042,0.617483139,0.7415080070000001,0.18943283,0.37951529,1.002343178,1.562861204,1.893250585,0.31966432899999997,0.4244335
JPN,Japan,2016,1714.0,40304.55493,6052670000000.0,348.350096,5.954650879,10.55274868,0.8997738359999999,74.80000305,0.836064637,-0.073620148,0.697639346,0.76010859,0.192402646,0.36220064799999996,0.9854010940000001,1.549104095,1.8989526030000001,0.318902433,0.32905584600000004
JPN,Japan,2017,1709.0,40510.00917,6157660000000.0,347.77758670000003,5.910676479,10.57137394,0.8819612859999999,74.90000153,0.8493965859999999,-0.217277035,0.659198642,0.740387619,0.17551218,0.412489951,1.064277649,1.5199174880000001,1.9502569440000002,0.32995495199999997,0.42615369
LUX,Luxembourg,2010,1517.0,62131.56237000001,53212476812.0,208.6226337,7.097251892,11.42674923,0.9523717159999999,71.69999695,0.908303082,0.09034389300000001,0.42334133399999996,0.808782876,0.216064394,0.768445313,1.518027306,1.8240033390000001,1.67573595,0.236110538,0.336977035
LUX,Luxembourg,2011,1515.0,61213.34102000001,54563666562.0,213.3115226,7.101400375,11.42959881,0.934090614,71.87999725,0.961830735,0.10035479800000001,0.3881706,0.8364585640000001,0.200136617,0.7706866859999999,1.4609830380000002,1.90174973,1.565813184,0.220493585,0.35826328399999996
LUX,Luxembourg,2012,1508.0,60707.10622,54371319074.0,218.4962963,6.964097023,11.40205193,0.913907707,72.05999756,0.9165209529999999,0.053239107,0.402753204,0.8152487279999999,0.22741171699999999,0.7436705229999999,1.490909815,1.840276241,1.7822850940000001,0.25592479100000004,0.34890341799999997
LUX,Luxembourg,2013,1503.0,61305.47504,56358248456.0,223.6049383,7.130809307000001,11.41483116,0.9166832570000001,72.23999786,0.789655447,-0.059714578,0.30081176800000003,0.640379965,0.18479998399999997,0.736690223,1.4831721780000002,1.8375262019999998,1.342207909,0.18822659600000002,0.33992666
LUX,Luxembourg,2014,1506.0,63606.706139999995,58779842025.0,228.93786009999997,6.89112711,11.44737625,0.875469446,72.41999817,0.937987685,0.09927851,0.366286784,0.803083718,0.17040939600000002,0.662738323,1.466502905,1.816249847,1.539557576,0.223411575,0.345527112
LUX,Luxembourg,2016,1513.0,64453.11023,62554580195.0,239.51193419999998,6.967340946,11.46080017,0.9412605759999999,72.59999847,0.8823653459999999,0.014104202,0.356336325,0.7579497690000001,0.192300707,0.6789778470000001,1.45981288,1.817982912,1.3890651459999999,0.199368045,0.311804265
LUX,Luxembourg,2017,1507.0,65890.9974,63521461701.0,245.4057613,7.061380862999999,11.45400238,0.905435503,72.59999847,0.90282172,0.039554782000000004,0.33017358199999997,0.7658168670000001,0.18446700300000002,0.73892206,1.42865932,1.7744059559999998,1.424475908,0.201727673,0.292349696
MEX,Mexico,2010,2150.0,16183.105609999999,1057800000000.0,60.35080172,6.802388668,9.662432671,0.876389682,66.5,0.778120756,-0.05126686,0.6928918959999999,0.8400591609999999,0.215494677,0.37198627,-0.273978293,-0.12431024,2.145824432,0.315451592,0.419643879
MEX,Mexico,2011,2121.0,16328.236640000001,1096550000000.0,61.26187248,6.909515381,9.68342495,0.824064076,66.68000031,0.831368089,-0.102275625,0.6975802179999999,0.7900987270000001,0.227555886,0.383446395,-0.273038357,-0.090883285,2.328690529,0.337026596,0.471575677
MEX,Mexico,2012,2120.0,16050.29823,1136490000000.0,62.15607757,7.320185184,9.704709053,0.767279446,66.86000061,0.7877683040000001,-0.095760457,0.633281112,0.7844792009999999,0.27811053399999996,0.3614088,-0.274854422,-0.031542644,2.074157,0.283347607,0.426429868
MEX,Mexico,2013,2136.0,16050.284290000001,1151880000000.0,63.03452712,7.4425463679999995,9.704125404,0.759138405,67.04000092,0.7387166620000001,-0.16755531699999998,0.614747047,0.789685428,0.22294873,0.395571351,-0.302915752,-0.060540289000000004,2.08271122,0.279838532,0.423099577
MEX,Mexico,2014,2134.0,16028.6024,1184180000000.0,63.90164356,6.679831028,9.718518257000001,0.781964958,67.22000122,0.7791329029999999,-0.097106457,0.629851162,0.80164963,0.22873041,0.327582031,-0.426801324,-0.14058508,2.15046978,0.32193476,0.44364541799999996
MEX,Mexico,2016,2146.0,16135.64876,1258560000000.0,65.60890095,6.824172974,9.753050803999999,0.893492579,67.69999695,0.7516130809999999,-0.15587057199999999,0.808579445,0.8591064209999999,0.219571486,0.277944058,-0.349140942,-0.213363826,1.9594572780000001,0.287134767,0.432634264
MEX,Mexico,2017,2148.0,16110.176319999999,1284250000000.0,66.44372335,6.410299301,9.760567665,0.7998393770000001,68.0,0.8614051340000001,-0.20424206600000003,0.8008930679999999,0.842642307,0.230990887,0.25695315,-0.36254662299999996,-0.330811292,2.236207247,0.34884598899999997,0.438771129
NLD,Netherlands,2010,1420.0,54477.2274,846555000000.0,492.59988139999996,7.501875877000001,10.72600937,0.9565368890000001,71.40000153,0.921448231,0.344101906,0.398591846,0.8532338140000001,0.206079304,0.636186302,1.195659637,1.856004,1.336109757,0.17810341699999999,0.46467462200000004
NLD,Netherlands,2011,1420.0,54140.29075,859687000000.0,495.0496441000001,7.563797951000001,10.73784447,0.938396096,71.51999664,0.92543155,0.330308765,0.359395891,0.8627232309999999,0.181386188,0.603366792,1.325339317,1.8857043980000001,1.293510556,0.17101337,0.44654086200000004
NLD,Netherlands,2012,1411.0,54362.195470000006,850829000000.0,496.8849941000001,7.470715522999999,10.72351742,0.9388846759999999,71.63999939,0.8771186470000001,0.28282368199999997,0.433753788,0.860640585,0.226289868,0.574513912,1.396525145,1.8863096240000001,1.351189137,0.18086475100000002,0.35245353
NLD,Netherlands,2013,1415.0,54554.965339999995,849721000000.0,498.79584450000004,7.406550407,10.71866417,0.9247054459999999,71.76000214,0.9189958570000001,0.2992917,0.5045299529999999,0.866824448,0.23544322,0.542986929,1.355394006,1.85887289,1.342759848,0.181293547,0.394002587
NLD,Netherlands,2014,1426.0,54260.74479,861816000000.0,500.5938853999999,7.32118845,10.72916317,0.9089957479999999,71.87999725,0.910179615,0.326043248,0.45694837,0.867766142,0.220656529,0.525242269,1.296198368,1.889317155,1.4108523130000001,0.192708105,0.455574274
NLD,Netherlands,2016,1438.0,55131.595,897959000000.0,505.50056399999994,7.540877342000001,10.76362324,0.9259442090000001,72.09999847,0.907310009,0.233066663,0.43330425,0.838432372,0.21485073899999999,0.572273314,1.226236224,1.9043831830000002,1.28147161,0.16993667199999998,0.41705405700000003
NLD,Netherlands,2017,1435.0,54633.796270000006,923720000000.0,508.4979518999999,7.458965302,10.78875256,0.9365013240000001,72.19999695,0.9203197359999999,0.244597197,0.363133639,0.852184892,0.184519842,0.669553638,1.2429327959999998,1.899130225,1.318479896,0.176764444,0.44193548
NZL,New Zealand,2010,1755.0,38802.78948,146584000000.0,16.52310964,7.223756312999999,10.37720966,0.975642204,72.0,0.9177525040000001,0.250549614,0.32074818,0.84723419,0.23475848100000002,0.6391351820000001,1.3719973559999998,1.959680557,1.6863403319999999,0.23344369199999998,0.426387578
NZL,New Zealand,2011,1746.0,38803.58733,150535000000.0,16.64957654,7.190638065,10.39618587,0.9536498790000001,72.12000275,0.934768736,0.280214965,0.26933020399999996,0.863912702,0.21014964600000002,0.635153055,1.477903485,2.0125904080000003,1.710960627,0.237942815,0.398480445
NZL,New Zealand,2012,1734.0,39621.7161,154298000000.0,16.74110364,7.249629973999999,10.41539097,0.9300286170000001,72.23999786,0.901853085,0.28298702800000003,0.28929793800000003,0.866304159,0.20687817,0.61469996,1.489543796,1.965111136,1.7226243019999998,0.23761548100000002,0.38531354100000004
NZL,New Zealand,2013,1752.0,39110.6008,157412000000.0,16.87022901,7.280151844,10.42768669,0.9581534859999999,72.36000061,0.944000423,0.23303757600000002,0.312235802,0.8349564079999999,0.151396915,0.543508649,1.5300021169999998,1.95185113,1.6641775369999998,0.228591055,0.40091103299999997
NZL,New Zealand,2014,1762.0,39419.08318,162992000000.0,17.12696062,7.3058924670000005,10.44741917,0.9423808459999999,72.48000336,0.931882441,0.34398707700000003,0.27260860800000003,0.847514093,0.19901886600000002,0.629681349,1.496155739,2.036119938,1.675197124,0.22929397199999998,0.394328237
NZL,New Zealand,2016,1752.0,41765.002810000005,176129000000.0,17.82385781,7.225687981,10.48504829,0.93660289,72.80000305,0.926576018,0.26113021399999997,0.278270781,0.8329446909999999,0.207413629,0.5696901679999999,1.525762916,2.029997349,1.7404985430000002,0.24087651100000002,0.419764876
NZL,New Zealand,2017,1753.0,41953.58622,181094000000.0,18.20629676,7.32718277,10.49365616,0.95492065,73.0,0.942279458,0.289705753,0.221887484,0.8174312709999999,0.171716571,0.609015465,1.5750092269999998,2.0046710969999997,1.650335789,0.22523470199999998,0.44644218700000005
NOR,Norway,2010,1415.3,46594.18608,429131000000.0,13.38626291,8.368748000506892,10.747558703369863,0.9464941952717807,15.94595478878154,0.9435368093181804,0.1235332606606093,0.38935047376641024,0.8122104007388475,0.21379576391922248,0.6464371427545741,1.6164143123567678,1.8217326802994944,1.8694174238997279,0.22881105509800492,0.31742578499574153
NOR,Norway,2011,1421.1,48180.02342,433302000000.0,13.56103923,7.874211266929776,10.973806208884914,0.9470725283378775,59.45678089945754,0.9450417612400612,0.12581347677616336,0.3792623290134826,0.8173654294215541,0.21334954074293755,0.6545338801674181,1.5690743242421745,1.8729154934616714,1.8020116210905002,0.22816220444832966,0.31806377071881486
NOR,Norway,2012,1419.7,49465.068510000005,445095000000.0,13.74033034,7.678277016,11.05094433,0.9476574059999999,72.23999786,0.9465658659999999,0.128627837,0.36804267799999996,0.8227498529999999,0.212821111,0.663340509,1.527816534,1.917715073,1.746017814,0.22739708399999997,0.31880399600000003
NOR,Norway,2013,1408.1,50448.61278,449743000000.0,13.91208686,7.125545693594986,10.978704754107026,0.9383575774390757,63.754420537465904,0.9573690731461099,0.15946033970623305,0.42689854816419237,0.8294378855891649,0.19380202721444506,0.6956397580521207,1.392453760759742,1.881973288248041,1.6462969692755718,0.22041425684981814,0.4253481921322874
NOR,Norway,2014,1426.9,50749.04262,458626000000.0,14.06986657,7.444470882,11.05752373,0.9411619309999999,72.68000031,0.9563161729999999,0.162420183,0.404825836,0.833696604,0.194354936,0.699690521,1.402022839,1.9326351880000001,1.637590885,0.219974115,0.413273871
NOR,Norway,2016,1424.4,50207.05948,473214000000.0,14.3363165,7.596331596000001,11.06912804,0.9597428440000001,73.0,0.9543523190000001,0.114254743,0.409666121,0.849625945,0.20926219199999999,0.657646239,1.432126164,1.9501390459999999,1.5792648790000001,0.207898363,0.349659204
NOR,Norway,2017,1419.1,50412.12115,482586000000.0,14.45257595,7.578744887999999,11.07906151,0.9501276609999999,73.09999847,0.9530168179999999,0.21810506300000002,0.24971137899999998,0.849099994,0.202913806,0.7171597479999999,1.4226391319999998,2.013393879,1.6217260359999999,0.213983461,0.328113139
POL,Poland,2010,1834.0,23652.32651,479258000000.0,124.2092007,5.8870296479999995,9.98831749,0.95506531,67.30000305,0.794900477,-0.004292628,0.9046972990000001,0.736897647,0.234237015,0.333801061,1.02746582,0.700623572,1.9359594580000001,0.32885167,0.392158389
POL,Poland,2011,1829.0,23654.20807,503303000000.0,124.2962969,5.646204947999999,10.03673458,0.9045786259999999,67.45999908,0.868148923,-0.072977275,0.907953143,0.725359917,0.22381022600000003,0.27237618,1.049845338,0.718040705,1.9604818819999998,0.347221166,0.367741227
POL,Poland,2012,1824.0,23445.50559,511396000000.0,124.3000588,5.87593174,10.05268764,0.9359238740000001,67.62000275,0.811301708,-0.03269821,0.8878958229999999,0.7874891759999999,0.266746789,0.26862874600000003,1.056877136,0.769939899,1.88393259,0.32061854,0.347640306
POL,Poland,2013,1821.0,23712.96247,518514000000.0,124.2291107,5.746131897000001,10.06711483,0.911934912,67.77999878,0.775931358,-0.143367842,0.915677428,0.784124315,0.241980955,0.163588136,0.98574698,0.7961180809999999,1.911393523,0.332640022,0.29998320300000003
POL,Poland,2014,1827.0,24195.84838,535721000000.0,124.1442732,5.750282287999999,10.10016727,0.923642278,67.94000244,0.8753570909999999,-0.070496768,0.897741735,0.776996672,0.222643748,0.252522856,0.97402674,0.8395088909999999,2.052378654,0.35691788799999996,0.378063649
POL,Poland,2016,1836.0,25956.36995,573324000000.0,124.008253,6.162076473,10.16722965,0.91739881,68.5,0.8707075120000001,-0.097280823,0.847753942,0.77662462,0.223536044,0.382713199,0.6753461359999999,0.756335139,1.84584868,0.299549788,0.312157542
POL,Poland,2017,1815.0,27057.957089999996,600876000000.0,124.0237304,6.201268196,10.21157646,0.881854117,68.90000153,0.830842614,-0.127978221,0.8508567578811395,0.677435517,0.20338779699999998,0.502480447,0.651249409,0.678492665,1.6274428369999998,0.262437105,0.260087878
PRT,Portugal,2010,1735.0,27080.30185,238303000000.0,115.4394585,5.094525814,10.21238518,0.863906741,70.80000305,0.721036375,-0.108383298,0.9478794340000001,0.741612136,0.265107363,0.26326957300000003,0.9124450679999999,0.9692562220000001,2.0685172080000003,0.406027436,0.438607901
PRT,Portugal,2011,1714.0,26436.50017,233950000000.0,115.2697893,5.2199978830000004,10.19541836,0.8559606670000001,71.0,0.875092566,-0.175307617,0.961977124,0.725109041,0.279200882,0.20997645,0.9248248929999999,0.927496254,2.027334213,0.38837835200000004,0.392445087
PRT,Portugal,2012,1698.0,25294.18881,224526000000.0,114.8034065,4.9939622880000005,10.15835667,0.86603862,71.19999695,0.773821414,-0.09924101800000001,0.959288418,0.728934467,0.37016996700000004,0.230625153,0.90190047,0.9719284770000001,2.494402647,0.499483675,0.425317734
PRT,Portugal,2013,1707.0,25813.87846,221988000000.0,114.1561345,5.157688141,10.15247917,0.8671808240000001,71.40000153,0.78803277,-0.120431803,0.946257353,0.699667215,0.347898155,0.17921339,0.907849073,1.011040807,2.251560926,0.43654459700000003,0.42760306600000003
PRT,Portugal,2014,1714.0,25360.07583,223971000000.0,113.5417757,5.12691164,10.16676331,0.86182946,71.59999847,0.8468101020000001,-0.1285045,0.94107008,0.7050722840000001,0.357692271,0.227394462,0.956860006,0.955930233,2.3644695280000003,0.461187869,0.44026351
PRT,Portugal,2016,1725.0,25349.78641,232444000000.0,112.71638940000001,5.446637153999999,10.20817947,0.90463537,72.0,0.83806932,-0.22725527,0.922192395,0.683566213,0.32625272899999996,0.354542404,1.065478444,1.019317985,2.132012844,0.391436547,0.45052737
PRT,Portugal,2017,1727.0,25288.7215,238941000000.0,112.44182109999998,5.711499214,10.23770332,0.899984837,72.19999695,0.9050656559999999,-0.17740751800000001,0.880970538,0.649151087,0.294272572,0.5010881420000001,1.14347434,1.0617860559999999,2.205086708,0.38607844700000005,0.44552809
ESP,Spain,2010,1710.4,41034.3406,1431620000000.0,93.15193096,6.188262462999999,10.38921356,0.9499403829999999,72.90000153,0.7964955570000001,-0.142079473,0.839746296,0.724312365,0.321819484,0.302731603,0.402249694,1.1071056129999999,1.9958159919999998,0.322516382,0.37962049200000003
ESP,Spain,2011,1715.5,40452.8193,1417320000000.0,93.50783588,6.518249035,10.37562275,0.944443703,73.01999664,0.8186509009999999,-0.12566027,0.845543444,0.737269402,0.35610154299999996,0.30866271300000003,0.553485274,1.098813653,1.9559907909999998,0.300079167,0.414737731
ESP,Spain,2012,1701.2,39301.60485,1375820000000.0,93.50683713,6.290690422000001,10.34525871,0.937023342,73.13999939,0.7545861009999999,-0.06326709700000001,0.8435930009999999,0.749276638,0.36647447899999996,0.339146554,0.5173311829999999,1.0666815040000002,2.038798571,0.324097753,0.359645665
ESP,Spain,2013,1693.5,39391.29533,1352360000000.0,93.20094559999998,6.150027275,10.33133125,0.928640485,73.26000214,0.759356439,-0.105050765,0.9158225659999999,0.6962958570000001,0.371839374,0.18454965899999998,0.500444174,1.004293799,2.076715708,0.33767584,0.361005485
ESP,Spain,2014,1694.6,39397.76735,1371020000000.0,92.92273645,6.456477642,10.34802628,0.947864413,73.37999725,0.738472342,-0.031811371,0.8538879159999999,0.7162659170000001,0.335460007,0.210619807,0.6184236999999999,0.873171568,1.761917591,0.272891462,0.423291177
ESP,Spain,2016,1701.5,39860.34697,1466070000000.0,93.04827901,6.318612099,10.41392422,0.941736817,73.80000305,0.7681737540000001,-0.051830858,0.8185585740000001,0.6528161170000001,0.300829351,0.30251666899999996,0.727092505,0.9048023820000001,1.6061495540000001,0.254193395,0.384632498
ESP,Spain,2017,1690.2,39073.25047,1509750000000.0,93.26767433,6.230173111,10.4420948,0.9031581879999999,74.09999847,0.755560756,-0.036033396,0.791268766,0.6250556110000001,0.302387655,0.269585967,0.648078322,0.869333565,1.80572176,0.28983491699999997,0.378949553
SWE,Sweden,2010,1494.0,40175.42479,488909000000.0,22.85452552,7.496018887000001,10.66761875,0.97024262,71.90000153,0.9046999809999999,0.13516292,0.253086656,0.8330332640000001,0.20011203,0.602851212,1.318448305,1.9731383319999998,1.593267798,0.212548524,0.309502602
SWE,Sweden,2011,1491.0,40680.56341,502008000000.0,23.02776478,7.382232189,10.68636227,0.920521259,71.98000336,0.941115439,0.15554896,0.268513024,0.8145614859999999,0.179151982,0.638707519,1.421821833,2.000473976,1.580353856,0.214075342,0.420406282
SWE,Sweden,2012,1478.0,41581.03568,500510000000.0,23.36960279,7.560147762000001,10.67609787,0.929397464,72.05999756,0.944382191,0.125826225,0.253543109,0.855099976,0.170226127,0.6264972089999999,1.4304776190000001,2.032324076,1.587887406,0.21003390800000002,0.319790423
SWE,Sweden,2013,1470.0,42015.76064,506708000000.0,23.56846615,7.434010506,10.6799593,0.915648043,72.13999939,0.935910523,0.152734622,0.324481547,0.829284012,0.184420303,0.579855025,1.392944098,2.019759655,1.6607064009999999,0.223393068,0.32497257
SWE,Sweden,2014,1470.0,42444.08578,519892000000.0,23.80523434,7.239147663,10.69574738,0.932719827,72.22000122,0.9452733990000001,0.19555693899999999,0.25038999300000003,0.8356722590000001,0.20768831699999998,0.563272059,1.338251948,1.9401652809999999,1.5666487219999998,0.216413423,0.382445574
SWE,Sweden,2016,1482.0,43735.727419999996,557637000000.0,24.36248803,7.368744372999999,10.74867249,0.912060678,72.40000153,0.918036401,0.13858190199999998,0.246182442,0.815695107,0.200606912,0.485791326,1.290886164,1.9597549440000002,1.63049984,0.22127240899999998,0.425117075
SWE,Sweden,2017,1470.0,43987.49039,569373000000.0,24.69298078,7.286804676,10.75682354,0.914016783,72.5,0.934582114,0.163362831,0.23936691899999998,0.81354779,0.17506682899999998,0.5594619510000001,1.2768020629999999,1.92774713,1.777176857,0.243889734,0.346856117
CHE,Switzerland,2010,1624.3,62002.87617,583783000000.0,198.018747,10.358035794113736,10.698756236306696,0.9455479700155361,13.935006179089456,0.9551118271157905,0.1305703123886139,0.324306900296717,0.8963911548481925,0.17441407733072298,0.751575713578548,1.6557637640519935,1.7951991247403496,1.581595469645161,0.20072311014094685,0.31047809988747416
CHE,Switzerland,2011,1619.3,62107.93486,593665000000.0,200.2327615,8.412659466444536,10.875415626338556,0.946202143660586,57.99198157255749,0.9502818403019895,0.13170391076379484,0.3238120975075121,0.8777843538447971,0.17513734266153025,0.7604785996477519,1.587662004793606,1.839853411633576,1.5727089992677092,0.2009528802052727,0.3096209822323303
CHE,Switzerland,2012,1603.2,63207.26367000001,599638000000.0,202.3701995,7.776208877999999,10.93577576,0.94686389,72.77999878,0.9454280140000001,0.13308765,0.323240787,0.8591072559999999,0.176007092,0.769940197,1.529229045,1.879036784,1.564780593,0.201226667,0.308629304
CHE,Switzerland,2013,1582.9,64180.862389999995,610743000000.0,204.7106438,7.541092555473674,10.94239729116548,0.9617247572158264,58.60419009171024,0.9571880112356966,0.052425464244784246,0.28000080511849634,0.836553558517861,0.18834982860089883,0.7349538889333782,1.5316457228486084,2.0519449070423788,1.5147719256101626,0.2032846667246775,0.3320378374285327
CHE,Switzerland,2014,1575.3,64284.54003,625702000000.0,207.2236258,7.492803574,10.95462418,0.958796322,73.05999756,0.949401438,0.054532632000000004,0.283089578,0.8229132290000001,0.188794166,0.75163132,1.481070995,2.016315699,1.5247849230000001,0.203499913,0.328428507
CHE,Switzerland,2016,1589.7,64063.942489999994,644197000000.0,211.8974034,7.458519936,10.95817471,0.9276282790000001,73.5,0.933947086,0.083161391,0.301562965,0.779470801,0.20631672399999998,0.7985367179999999,1.419003606,1.964175105,1.694410086,0.22717779899999999,0.5107927320000001
CHE,Switzerland,2017,1570.0,63899.88385,654612000000.0,213.85896319999998,7.473593235,10.95797634,0.9496613740000001,73.80000305,0.924996912,0.17511341,0.316183478,0.773997068,0.19587148699999998,0.8197067379999999,1.3820114140000002,1.964224815,1.544615626,0.20667643800000002,0.29581779199999997
GBR,United Kingdom,2010,1506.0,45526.55342,2452900000000.0,259.44018930000004,7.029364108999999,10.50141621,0.955068171,71.30000305,0.841306746,0.39928963799999995,0.5868131520000001,0.8626207709999999,0.176342949,0.50351125,0.850906134,1.667571664,1.8538528680000002,0.26372981100000004,0.544114292
GBR,United Kingdom,2011,1518.0,44375.68743,2493240000000.0,261.47612119999997,6.8692488670000005,10.50802135,0.94871068,71.37999725,0.8997744320000001,0.33220022899999996,0.43759530799999996,0.844498098,0.17390841199999998,0.46789002399999996,0.824559629,1.6202971940000002,1.91026938,0.27809,0.669811308
GBR,United Kingdom,2012,1531.0,44006.8491,2529320000000.0,263.3005415,6.880784035,10.51577282,0.934574962,71.45999908,0.888970494,0.367420435,0.425169915,0.844452202,0.18424452800000002,0.421262175,0.870701671,1.646371841,1.870208263,0.271801621,0.652187049
GBR,United Kingdom,2013,1541.0,44141.38003,2581080000000.0,265.06934240000004,6.918055057999999,10.52939415,0.936884105,71.54000092,0.905278027,0.342439383,0.568043172,0.7757444379999999,0.25209578899999996,0.37923163200000004,0.907619238,1.667560935,2.05475235,0.297013015,0.480820388
GBR,United Kingdom,2014,1547.0,43782.31312,2657160000000.0,267.0737817,6.758147717000001,10.55194569,0.9102473259999999,71.62000275,0.85703969,0.35052102799999996,0.48411843200000004,0.7939926979999999,0.251140326,0.42267209299999997,0.8455686570000001,1.770141125,1.87745738,0.277806491,0.48483628
GBR,United Kingdom,2016,1545.0,44465.81826,2768240000000.0,271.134481,6.824283599999999,10.57921696,0.954068184,71.90000153,0.821192145,0.24597170899999998,0.45831328600000004,0.775853157,0.22958678,0.40863207,0.827514887,1.738277197,1.628819704,0.23867996,0.38293179899999996
GBR,United Kingdom,2017,1543.0,44589.7799,2818700000000.0,272.90245110000006,7.103273392,10.59044647,0.937495291,72.09999847,0.812733293,0.286916465,0.418611348,0.758571804,0.20957242,0.440120846,0.7975144390000001,1.662872434,1.615450263,0.227423355,0.372231811
USA,United States,2010,1773.0,59476.636029999994,14992100000000.0,33.81566442,7.16361618,10.80718327,0.9261587259999999,68.69999695,0.828044355,0.235521659,0.6895825859999999,0.860642135,0.231052637,0.418275833,0.7860048409999999,1.4783297780000002,2.182073832,0.304605067,0.739406407
USA,United States,2011,1780.0,59562.474689999995,15224600000000.0,34.06206439,7.115138531,10.81564426,0.921705008,68.68000031,0.863202393,0.152239069,0.6969257590000001,0.836360335,0.27337852100000004,0.38253158299999995,0.859106541,1.462400675,1.94597578,0.27349793899999997,0.612989604
USA,United States,2012,1783.0,60047.20521,15567000000000.0,34.31286833,7.026226997,10.83013153,0.903192282,68.66000366,0.822662294,0.20624339600000002,0.71003443,0.833771288,0.259643853,0.348855615,0.897014558,1.467069626,2.1631598469999997,0.307869345,0.6290693279999999
USA,United States,2013,1781.0,59765.75719,15853800000000.0,34.551570500000004,7.249285221,10.83965302,0.92539686,68.63999939,0.79225564,0.26556313,0.7468940620000001,0.813677669,0.260328352,0.288647503,0.873045623,1.415543795,1.9380877019999998,0.267348796,0.6782621740000001
USA,United States,2014,1784.0,60617.97202000001,16242500000000.0,34.80614436,7.151114464,10.85749722,0.902097046,68.62000275,0.8660768870000001,0.212869316,0.702267468,0.8342944379999999,0.281265348,0.34867119799999996,0.8268213870000001,1.433887959,2.070653915,0.28955680100000003,0.753396153
USA,United States,2016,1781.0,62153.12401,16972300000000.0,35.31830199,6.803599834,10.88555431,0.896751285,68.5,0.757893085,0.135592237,0.7389195559999999,0.80567354,0.264203817,0.297205657,0.7557651999999999,1.4914257530000001,1.9722027780000002,0.289876372,0.69331491
USA,United States,2017,1780.0,62727.43595,17348600000000.0,35.54522707,6.991759299999999,10.90090561,0.921002865,68.40000153,0.8684967159999999,0.18883281899999999,0.6811912659999999,0.826555312,0.268269062,0.386535019,0.677055538,1.5521354680000001,1.880687952,0.268986374,0.610804379
ISR,Israel,2010,1956.53,34997.43567,233731000000.0,352.2920518,7.358916282999999,10.30034924,0.881829858,72.40000153,0.5614779000000001,0.147556573,0.902182698,0.67945838,0.362394363,0.448931694,-0.378653169,1.069919825,1.5924906730000001,0.216402873,0.25077647
ISR,Israel,2011,1947.24,35274.91537,245344000000.0,358.86321630000003,7.433147907,10.32739449,0.8926965590000001,72.45999908,0.722269237,0.13853652800000002,0.891295373,0.7379072309999999,0.38447502299999997,0.271090537,-0.27400425100000003,1.119241357,1.823536634,0.24532495399999998,0.285089433
ISR,Israel,2012,1918.77,33166.65214,250536000000.0,365.54990760000004,7.110854626,10.32817173,0.9034155009999999,72.51999664,0.681439221,0.150700644,0.862327278,0.665101826,0.319231451,0.343569756,-0.217279762,1.074690342,1.7400853630000002,0.24470832899999997,0.28481248
ISR,Israel,2013,1908.2,33428.18043,260919000000.0,372.43530499999997,7.320563316,10.34980011,0.908515871,72.58000183,0.739001632,0.148229972,0.848537862,0.697945952,0.408576161,0.451302052,-0.225939274,1.07678926,1.611566305,0.220142394,0.28257471300000003
ISR,Israel,2014,1894.53,33516.041619999996,271090000000.0,379.65341960000006,7.400570393,10.36413765,0.8890697359999999,72.63999939,0.7069746259999999,0.091592588,0.8180399540000001,0.604293108,0.271255702,0.44364184100000004,-0.15607816,1.1001014709999999,1.580246329,0.21353034699999998,0.28140401800000003
ISR,Israel,2016,1922.08,35701.37218,289193000000.0,394.9168207,7.159010887000001,10.39477539,0.8896607759999999,72.90000153,0.772297323,0.15050979,0.804056585,0.629189372,0.263090223,0.43813318,-0.003985524,1.2293506859999999,1.66659677,0.23279707100000002,0.306069046
ISR,Israel,2017,1917.98,36678.690689999996,299155000000.0,402.6478743,7.3310360910000005,10.40826416,0.916440845,73.09999847,0.7680763009999999,0.142772496,0.7926522490000001,0.673591316,0.27644315399999997,0.38936814700000005,-0.09139624199999999,1.1264346840000001,1.522682905,0.20770365,0.245601237
CHL,Chile,2010,2070.0,24960.82175,218538000000.0,22.85490508,6.63565588,9.875193596,0.85695523,68.90000153,0.7863674759999999,0.099339187,0.701824725,0.8091729879999999,0.300116688,0.478705615,0.887606621,1.385960937,2.18349123,0.329054326,0.452481776
CHL,Chile,2011,2047.0,25106.35365,231892000000.0,23.07009823,6.5263347629999995,9.925136566,0.819078863,69.04000092,0.700734138,0.1029673,0.7527555229999999,0.803743482,0.316876173,0.322867334,0.763231277,1.400258541,2.067713022,0.316826075,0.495457828
CHL,Chile,2012,2024.0,25914.9183,244226000000.0,23.2804308,6.599128723,9.967881203,0.8552355770000001,69.18000031,0.7336109279999999,0.18632897699999998,0.7821174259999999,0.815391183,0.287592113,0.34326779799999996,0.7040236590000001,1.4441723819999999,2.12383008,0.32183492199999997,0.466741949
CHL,Chile,2013,2015.0,26583.78961,254105000000.0,23.48652279,6.74015379,9.998721123,0.862404704,69.31999969,0.7368873359999999,0.075803965,0.741154909,0.855062187,0.285453886,0.3072685,0.735013962,1.416341901,2.101323128,0.311761886,0.466638207
CHL,Chile,2014,1990.0,26803.54588,258594000000.0,23.68936005,6.844238281,10.00763416,0.861552179,69.45999908,0.733326375,0.20803766,0.758497715,0.86981076,0.276103258,0.39953002299999996,0.751715839,1.39434886,2.064368248,0.301621318,0.42640501299999994
CHL,Chile,2016,1974.0,27655.34315,267904000000.0,24.08740074,6.579056262999999,10.02634144,0.841388166,69.69999695,0.652289748,0.09289977,0.858124971,0.8692288990000001,0.283042103,0.203538865,0.704101682,1.164838195,1.9862554069999998,0.301905811,0.48013857
CHL,Chile,2017,1954.0,26766.6161,271896000000.0,24.28237822,6.3201193810000005,10.03306866,0.8798407909999999,69.80000305,0.7901164890000001,-0.030261262999999997,0.835987508,0.83847481,0.291042089,0.268283308,0.688375235,1.059408069,2.162420273,0.342148632,0.574647009
SVN,Slovenia,2010,1680.1,35473.81452,48013606745.0,101.68582690000001,6.082555294,10.26389885,0.917203367,69.19999695,0.8955224159999999,0.026649822000000004,0.844790697,0.67081368,0.295366138,0.331916302,0.9575735329999999,0.9297418,2.168138504,0.356451929,0.36766368200000005
SVN,Slovenia,2011,1663.2,35340.76447,48325391228.0,101.8982937,6.035964012000001,10.26829433,0.931166053,69.40000153,0.907440901,-0.027567947000000002,0.8931338190000001,0.651520729,0.285320938,0.181583047,1.013063908,0.922107577,2.189199686,0.36269262399999996,0.38314229200000005
SVN,Slovenia,2012,1644.6,34227.66164,47035305258.0,102.1140519,6.062891006,10.23913479,0.924753785,69.59999847,0.904386282,-0.022012195,0.8907541040000001,0.656376362,0.283989847,0.238065988,0.96744442,0.879258931,2.095799685,0.345676631,0.33938545
SVN,Slovenia,2013,1662.4,33748.93018,46502839741.0,102.2816783,5.974888802000001,10.22639275,0.932119727,69.80000305,0.890059829,0.033471618,0.917839587,0.6350996489999999,0.27426928300000003,0.163433194,0.94207418,0.8433558940000001,2.114859104,0.353957891,0.35020533200000004
SVN,Slovenia,2014,1681.9,34282.48437,47888250500.0,102.38232370000001,5.678395271,10.25476551,0.908347547,70.0,0.887747705,0.049876269,0.909118295,0.619817793,0.290812403,0.17685100399999998,0.960940123,0.848769665,2.046137094,0.36033719799999997,0.378871739
SVN,Slovenia,2016,1652.9,36153.4369,50511749002.0,102.5241808,5.936821461,10.30661774,0.9344873429999999,70.5,0.903551102,-0.057398662,0.8384743929999999,0.6262055639999999,0.271624178,0.24984510199999999,1.000279665,0.9184032679999999,2.1072878840000002,0.35495221600000004,0.360811561
SVN,Slovenia,2017,1621.7,36883.00552,53037744699.0,102.5910064,6.1668376920000005,10.35458946,0.928187847,70.80000305,0.920862675,-0.027939947000000003,0.8287947179999999,0.615109682,0.285601437,0.23977972600000003,0.949709475,0.896576881,1.982300639,0.321445256,0.359244138
EST,Estonia,2010,1810.0,21192.42548,19490936349.0,31.41012031,5.102771365485622,9.808494721776558,0.9046456821752024,53.99998147581259,0.7200416385941069,-0.16951480066597638,0.6888944132392654,0.6351029011102989,0.2067085455453057,0.41834860866055107,0.8631045898732581,1.1483075672515883,1.9844838019243407,0.35829087874325943,0.3801807638661017
EST,Estonia,2011,1852.0,20320.643659999998,20971721297.0,31.31490918,5.486819744,10.10818481,0.9087126259999999,66.95999908,0.7352253790000001,-0.171402186,0.68678391,0.651386082,0.205158427,0.417540222,0.872383595,1.176006198,1.9515161509999999,0.35567346200000005,0.38115912700000004
EST,Estonia,2012,1820.0,21161.9214,21875027648.0,31.20301958,5.363927841000001,10.15393448,0.889454544,67.22000122,0.696825743,-0.196030051,0.7928527,0.647360325,0.198966742,0.272975951,0.87419492,1.156192064,1.961893439,0.365756869,0.38173207600000003
EST,Estonia,2013,1801.0,21459.59192,22298647062.0,30.31969174,5.367445946,10.17667389,0.900721788,67.48000336,0.753558695,-0.205494925,0.726356387,0.702255547,0.199018165,0.260637581,0.932532012,1.202389479,1.825384974,0.34008446299999995,0.35857096299999996
EST,Estonia,2014,1795.0,22570.84161,22942757718.0,30.24028065,5.55598259,10.20779419,0.917101741,67.73999786,0.773327112,-0.15770036,0.652447462,0.6804306509999999,0.203439116,0.414985895,0.97528398,1.342396259,1.858400702,0.334486425,0.36307889200000004
EST,Estonia,2016,1791.0,24691.29576,24194442664.0,30.2689211,5.649675369,10.24387455,0.937715113,68.19999695,0.842770696,-0.153377563,0.6390852929999999,0.72625488,0.176869258,0.33983430299999995,0.94091773,1.323766232,1.753086329,0.310298592,0.343596786
EST,Estonia,2017,1792.0,25368.05135,25369490981.0,30.30559006,5.938395977000001,10.29150963,0.93568635,68.40000153,0.861749232,-0.104597919,0.668402255,0.805217981,0.160164103,0.405946255,0.93688798,1.320733786,1.8518398999999999,0.311841756,0.396599621
LTU,Lithuania,2010,1643.0,18835.71381,37120517694.0,49.4181412,5.065824986,9.955636024,0.8818106059999999,64.5,0.519352257,-0.278347969,0.9621672029999999,0.473149508,0.27202931,0.11450326400000001,0.8154476279999999,0.716123462,1.9833433630000001,0.391514391,0.32577225600000004
LTU,Lithuania,2011,1621.0,19367.181790000002,39363759100.0,48.31533087,5.43243742,10.03689575,0.911411285,64.69999695,0.5657972689999999,-0.151642829,0.9635116459999999,0.5695334670000001,0.274636686,0.18108657,0.765863121,0.684298992,1.837926865,0.33832454700000003,0.31764403
LTU,Lithuania,2012,1620.0,19671.09994,40870192058.0,47.67165087,5.771037102,10.08786297,0.918690145,64.90000153,0.503027141,-0.277095586,0.956959248,0.5809710029999999,0.277385563,0.145729542,0.8578597309999999,0.800440192,1.8465698959999999,0.319971919,0.310113639
LTU,Lithuania,2013,1606.0,20471.73064,42300068778.0,47.19088951,5.595689297000001,10.13237095,0.91251415,65.09999847,0.5558152789999999,-0.240589797,0.9363355040000001,0.580803812,0.29372873899999996,0.38423827299999996,0.9522759909999999,0.811991632,1.711561799,0.305871487,0.287150949
LTU,Lithuania,2014,1599.0,21367.70885,43796470015.0,46.80553871,6.125723839,10.17573357,0.908239841,65.30000305,0.507947206,-0.26756894600000003,0.956347883,0.619342983,0.286910683,0.344657153,0.851863742,0.918602824,1.869706154,0.30522206399999996,0.340137184
LTU,Lithuania,2016,1644.0,23933.49993,45732868896.0,45.78766499,5.865552425,10.24116898,0.937873363,66.09999847,0.614239335,-0.270516902,0.949392676,0.5941672920000001,0.249855742,0.279638559,0.914101243,0.990459979,1.906200886,0.324982315,0.355488271
LTU,Lithuania,2017,1608.0,25207.13875,47626186104.0,45.15186156,6.272940636,10.292967800000001,0.9263166190000001,66.69999695,0.749307334,-0.177641675,0.7897098659999999,0.607613146,0.19511883,0.32124728,0.8829061990000001,0.920204639,2.175804377,0.346855581,0.428504139
LVA,Latvia,2010,1738.0,18174.85913,23757368290.0,33.70107648,4.25058407603292,9.516064297412578,0.8278937429417991,50.93717732090029,0.5520384634045784,-0.00528264954984132,0.9559032217422075,0.5576978107072083,0.2213428384868745,0.10450686775694629,0.5197266823716824,0.6502793069913958,1.9435672411757565,0.3902608626167138,0.3318631126164923
LVA,Latvia,2011,1753.0,17541.35961,25273331011.0,33.114292600000006,4.966811657,9.892091751,0.836042464,64.86000061,0.56446445,-0.005147552,0.9342556000000001,0.563278019,0.221713215,0.107237339,0.5283887389999999,0.672904313,1.912062287,0.384967744,0.333452344
LVA,Latvia,2012,1738.0,18272.87632,26293015996.0,32.71661306,5.125025272,9.944048882,0.8511952159999999,65.12000275,0.563811779,-0.04060765,0.894979358,0.560012877,0.232224524,0.191219807,0.614571154,0.721494794,1.890645146,0.368904561,0.32179889100000003
LVA,Latvia,2013,1732.0,19151.964659999998,26931897162.0,32.36287184,5.069770336,9.978767395,0.834022582,65.37999725,0.630507529,-0.075946189,0.836553633,0.6421023610000001,0.227449417,0.23379966600000002,0.682029366,0.757289529,1.719731092,0.339212835,0.305940241
LVA,Latvia,2014,1741.0,20429.452080000003,27432357432.0,32.06468318,5.729115486,10.00659657,0.881255507,65.63999939,0.670653164,-0.046075948,0.803687513,0.652273059,0.225979373,0.229044721,0.66835165,0.8544881940000001,1.962899804,0.342618287,0.40646755700000003
LVA,Latvia,2016,1709.0,23591.68628,28830703315.0,31.51394339,5.940446377000001,10.07505417,0.917073965,66.19999695,0.685299277,-0.159757495,0.8676396009999999,0.653751254,0.231383532,0.31526130399999996,0.6607594489999999,0.8690538409999999,1.705120325,0.287035733,0.384025455
LVA,Latvia,2017,1695.0,24633.97485,30167432998.0,31.23589579,5.977817535,10.12918186,0.895098746,66.5,0.6995201109999999,-0.158590496,0.79837811,0.623312771,0.231753111,0.264000505,0.628388107,0.881660819,1.8148031230000001,0.30358958199999997,0.36218524
