COU,Country,GDP (constant 2010 US$),GINI index (World Bank estimate),"Literacy rate, adult total (% of people ages 15 and above)",Population density (people per sq. km of land area),"Probability of dying at age 5-14 years (per 1,000 children age 5)",Year
ABW,Aruba,2390502793.0,0.0,96.82263947,564.8277778,0.0,2010
AFG,Afghanistan,15856574731.0,0.0,0.0,44.11844346,11.5,2010
AGO,Angola,83799496612.0,0.0,0.0,18.74479105,23.3,2010
ALB,Albania,11926957255.0,0.0,0.0,106.31463500000001,2.8,2010
AND,Andorra,3355695364.0,0.0,0.0,179.67872340000002,1.0,2010
ARG,Argentina,423627000000.0,43.0,98.95497131,15.06341201,2.6,2010
ARM,Armenia,9260284938.0,30.0,0.0,101.0646646,2.0,2010
ASM,American Samoa,576000000.0,0.0,0.0,278.185,0.0,2010
ATG,Antigua and Barbuda,1152469069.0,0.0,0.0,215.1386364,2.0,2010
AUS,Australia,1144260000000.0,34.7,0.0,2.867858584,1.0,2010
AUT,Austria,391893000000.0,30.3,0.0,101.2874302,1.0,2010
AZE,Azerbaijan,52902703376.0,0.0,99.77114105,109.54234939999999,3.3,2010
BDI,Burundi,2032135247.0,0.0,0.0,341.39135510000006,29.3,2010
BEL,Belgium,483548000000.0,28.4,0.0,359.82780710000003,1.0,2010
BEN,Benin,6970240895.0,0.0,0.0,81.58264455,26.6,2010
BFA,Burkina Faso,8979966766.0,0.0,0.0,57.03661184,30.2,2010
BGD,Bangladesh,115279000000.0,32.1,0.0,1168.8492130000002,9.5,2010
BGR,Bulgaria,50610058210.0,35.7,0.0,68.12453021,2.4,2010
BHR,Bahrain,25713271277.0,0.0,94.55679321,1628.4278869999998,2.2,2010
BIH,Bosnia and Herzegovina,17176781337.0,0.0,0.0,72.69695313,1.2,2010
BLR,Belarus,58665088956.0,28.6,0.0,46.77468211,2.0,2010
BLZ,Belize,1396731700.0,0.0,0.0,14.09943007,3.5,2010
BMU,Bermuda,5744414000.0,0.0,0.0,1205.999979,0.0,2010
BOL,Bolivia,19649724655.0,0.0,0.0,9.155582017999999,7.3,2010
BRA,Brazil,2208870000000.0,0.0,90.37918091,23.54546215,2.9,2010
BRB,Barbados,4529900000.0,0.0,0.0,650.1604651,2.3,2010
BTN,Bhutan,1585472534.0,0.0,0.0,19.08967152,9.5,2010
BWA,Botswana,12786654366.0,0.0,0.0,3.555248531,7.6,2010
CAF,Central African Republic,1986015906.0,0.0,36.75260925,7.1407188029999995,19.1,2010
CAN,Canada,1613460000000.0,33.6,0.0,3.7395102660000004,1.1,2010
CHE,Switzerland,583783000000.0,32.6,0.0,198.018747,0.9,2010
CHI,Channel Islands,0.0,0.0,0.0,805.9646775,0.0,2010
CHL,Chile,218538000000.0,0.0,0.0,22.85490508,1.6,2010
CHN,China,6100620000000.0,43.7,95.1244812,142.4877396,2.9,2010
CMR,Cameroon,26143818510.0,0.0,71.29051208,42.24682152,31.4,2010
COL,Colombia,286104000000.0,54.7,93.37232971,41.38629743,3.4,2010
COM,Comoros,907093130.3,0.0,0.0,370.6028895,8.7,2010
CPV,Cabo Verde,1664310770.0,0.0,0.0,124.6610422,3.0,2010
CRI,Costa Rica,37268635287.0,48.2,0.0,89.01840971,1.9,2010
CUB,Cuba,64328000000.0,0.0,0.0,106.4736095,1.9,2010
CYM,Cayman Islands,0.0,0.0,0.0,231.2791667,0.0,2010
CYP,Cyprus,25562264901.0,31.5,0.0,120.41201299999999,1.2,2010
CZE,Czech Republic,207478000000.0,26.6,0.0,135.6086225,1.1,2010
DEU,Germany,3417090000000.0,30.2,0.0,234.6069082,0.9,2010
DJI,Djibouti,1128611700.0,0.0,0.0,36.71898188,2.9,2010
DMA,Dominica,493824407.4,0.0,0.0,95.25333333,3.4,2010
DNK,Denmark,321995000000.0,27.2,0.0,130.74906909999999,0.8,2010
DOM,Dominican Republic,53982886258.0,47.3,89.53872681,204.8848065,3.8,2010
DZA,Algeria,161207000000.0,0.0,0.0,15.16439116,4.3,2010
ECU,Ecuador,69555367000.0,48.7,91.85404205,60.13323402,4.0,2010
ERI,Eritrea,2117039512.0,0.0,0.0,43.47366337,15.1,2010
ESP,Spain,1431620000000.0,35.2,97.74890137,93.15193096,1.0,2010
EST,Estonia,19490936349.0,32.0,0.0,31.41012031,1.7,2010
ETH,Ethiopia,29933790334.0,33.2,0.0,87.70267,23.0,2010
FIN,Finland,247800000000.0,27.7,0.0,17.64841066,1.0,2010
FJI,Fiji,3140508836.0,0.0,0.0,47.06896552,5.3,2010
FRA,France,2642610000000.0,33.7,0.0,118.75934,0.9,2010
FRO,Faroe Islands,2301168187.0,0.0,0.0,34.77793544,0.0,2010
GAB,Gabon,14358584300.0,0.0,0.0,6.365545077,17.0,2010
GBR,United Kingdom,2452900000000.0,34.4,0.0,259.44018930000004,1.0,2010
GEO,Georgia,11638536862.0,39.5,0.0,68.686798,2.7,2010
GHA,Ghana,32174772956.0,0.0,71.49707031,107.72657120000001,15.0,2010
GIB,Gibraltar,0.0,0.0,0.0,3318.9,0.0,2010
GIN,Guinea,6853467936.0,0.0,25.30773926,43.92874003,27.0,2010
GNB,Guinea-Bissau,849050127.5,50.7,0.0,55.33001422,22.2,2010
GNQ,Equatorial Guinea,16298542028.0,0.0,0.0,33.90745098,22.0,2010
GRC,Greece,299362000000.0,34.1,0.0,86.27882855,1.1,2010
GRD,Grenada,771013259.3,0.0,0.0,307.8735294,2.6,2010
GRL,Greenland,2503156061.0,0.0,0.0,0.138640517,0.0,2010
GTM,Guatemala,41338521642.0,0.0,0.0,136.52871409999997,4.5,2010
GUM,Guam,4895000000.0,0.0,0.0,295.2666667,0.0,2010
GUY,Guyana,2273224261.0,0.0,0.0,3.792512065,4.7,2010
HKG,"Hong Kong SAR, China",228638000000.0,0.0,0.0,6689.714286,0.0,2010
HND,Honduras,15839344592.0,53.1,84.75536346,73.23959246,5.3,2010
HRV,Croatia,59844207749.0,32.4,0.0,76.75888134,1.2,2010
HUN,Hungary,130923000000.0,29.4,0.0,110.46087479999998,1.3,2010
IDN,Indonesia,755094000000.0,36.4,0.0,133.8751045,6.3,2010
IMN,Isle of Man,5920177689.0,0.0,0.0,140.477193,0.0,2010
IND,India,1675620000000.0,0.0,0.0,414.02691760000005,9.0,2010
IRL,Ireland,222134000000.0,32.3,0.0,66.19473073,1.0,2010
IRQ,Iraq,138517000000.0,0.0,0.0,70.82957497,6.3,2010
ISL,Iceland,13683689802.0,26.2,0.0,3.172478803,1.0,2010
ISR,Israel,233731000000.0,42.6,0.0,352.2920518,1.1,2010
ITA,Italy,2125060000000.0,34.7,0.0,201.5279017,0.9,2010
JAM,Jamaica,13200286270.0,0.0,0.0,260.13019390000005,3.2,2010
JOR,Jordan,26425379437.0,33.7,92.55104065,80.90099121,4.6,2010
JPN,Japan,5700100000000.0,0.0,0.0,351.30983399999997,0.9,2010
KAZ,Kazakhstan,148047000000.0,28.0,99.78163147,6.045809534,3.9,2010
KEN,Kenya,40000088347.0,0.0,0.0,72.65374425,12.1,2010
KGZ,Kyrgyz Republic,4794357795.0,30.1,0.0,28.40406674,3.3,2010
KHM,Cambodia,11242275199.0,0.0,0.0,81.06016315,8.2,2010
KIR,Kiribati,156120895.2,0.0,0.0,126.7308642,10.3,2010
KNA,St. Kitts and Nevis,766785071.2,0.0,0.0,197.8653846,2.6,2010
KWT,Kuwait,115419000000.0,0.0,94.4690094,168.2425926,2.3,2010
LAO,Lao PDR,7127792630.0,0.0,0.0,27.06357886,17.6,2010
LBN,Lebanon,38419626605.0,0.0,0.0,423.96295210000005,1.5,2010
LBR,Liberia,1998000000.0,0.0,0.0,40.98966985,22.0,2010
LBY,Libya,74773444901.0,0.0,0.0,3.506109551,5.6,2010
LCA,St. Lucia,1382054667.0,0.0,0.0,282.91803280000005,3.0,2010
LIE,Liechtenstein,5082366478.0,0.0,0.0,225.01875,0.0,2010
LKA,Sri Lanka,56725749222.0,0.0,91.18135834,322.09142080000004,3.9,2010
LSO,Lesotho,2361613522.0,54.2,0.0,67.21182477,13.7,2010
LTU,Lithuania,37120517694.0,33.6,0.0,49.4181412,2.2,2010
LUX,Luxembourg,53212476812.0,30.5,0.0,208.6226337,0.6,2010
LVA,Latvia,23757368290.0,35.0,0.0,33.70107648,2.3,2010
MAC,"Macao SAR, China",28123640999.0,0.0,0.0,18079.76414,0.0,2010
MAF,St. Martin (French part),0.0,0.0,0.0,555.7904412,0.0,2010
MAR,Morocco,93216746662.0,0.0,0.0,72.61850549,4.0,2010
MCO,Monaco,5362649007.0,0.0,0.0,18547.0,1.1,2010
MDA,Moldova,5811604052.0,32.1,0.0,124.1693101,2.8,2010
MDG,Madagascar,8729936136.0,42.4,0.0,36.3717715,16.5,2010
MDV,Maldives,2588176055.0,0.0,0.0,1215.036667,3.3,2010
MEX,Mexico,1057800000000.0,45.3,93.06893921,60.35080172,2.8,2010
MHL,Marshall Islands,164969100.0,0.0,0.0,291.25,6.8,2010
MKD,North Macedonia,9407168702.0,40.2,0.0,82.10701824,1.5,2010
MLI,Mali,10678749467.0,0.0,31.09975052,12.35470296,27.7,2010
MLT,Malta,8741059603.0,29.0,0.0,1295.3375,1.0,2010
MMR,Myanmar,49540813342.0,0.0,0.0,76.77784649,10.2,2010
MNE,Montenegro,4139192053.0,28.9,0.0,46.05412639,1.4,2010
MNG,Mongolia,7189481824.0,33.1,98.25700378,1.746086408,4.4,2010
MNP,Northern Mariana Islands,799000000.0,0.0,0.0,118.3130435,0.0,2010
MOZ,Mozambique,10154238250.0,0.0,0.0,30.80114576,20.1,2010
MRT,Mauritania,4337791007.0,0.0,0.0,3.502030659,13.3,2010
MUS,Mauritius,10003670690.0,0.0,0.0,615.9605911,2.2,2010
MWI,Malawi,6959655571.0,45.5,61.30971909,160.87287869999997,17.1,2010
MYS,Malaysia,255017000000.0,0.0,93.11788940000001,85.56472074,2.6,2010
NAM,Namibia,11282192605.0,0.0,0.0,2.63961666,13.3,2010
NCL,New Caledonia,0.0,0.0,0.0,13.66247265,0.0,2010
NER,Niger,5718664505.0,0.0,0.0,12.96722034,46.9,2010
NGA,Nigeria,363360000000.0,0.0,0.0,174.1144976,24.7,2010
NIC,Nicaragua,8758622329.0,0.0,0.0,47.67926708,4.5,2010
NLD,Netherlands,846555000000.0,27.8,0.0,492.59988139999996,0.9,2010
NOR,Norway,429131000000.0,25.7,0.0,13.38626291,0.9,2010
NPL,Nepal,16002656434.0,32.8,0.0,188.511594,7.7,2010
NRU,Nauru,49248810.57,0.0,0.0,501.25,6.8,2010
NZL,New Zealand,146584000000.0,0.0,0.0,16.52310964,1.2,2010
OMN,Oman,58642392718.0,0.0,86.93900299,9.827011309,2.4,2010
PAK,Pakistan,177407000000.0,29.8,55.37519073,221.25386830000002,11.1,2010
PAN,Panama,29440287600.0,51.6,94.09411621,49.00755986,3.5,2010
PER,Peru,147529000000.0,45.5,0.0,22.94816094,4.3,2010
PHL,Philippines,199591000000.0,0.0,0.0,314.33955130000004,7.6,2010
PLW,Palau,182863000.0,0.0,0.0,44.5,4.0,2010
PNG,Papua New Guinea,14250726290.0,0.0,61.59999847,15.69632778,10.5,2010
POL,Poland,479258000000.0,33.2,0.0,124.2092007,1.4,2010
PRI,Puerto Rico,98381300000.0,0.0,91.96523285,419.56313420000004,0.0,2010
PRT,Portugal,238303000000.0,35.8,0.0,115.4394585,1.2,2010
PRY,Paraguay,27215968616.0,51.0,93.87091827,15.63019633,3.9,2010
PSE,West Bank and Gaza,8913100000.0,35.3,94.93200684,633.0734219,3.9,2010
PYF,French Polynesia,0.0,0.0,0.0,73.17486339,0.0,2010
QAT,Qatar,125122000000.0,0.0,0.0,153.2881998,2.2,2010
ROU,Romania,166225000000.0,35.5,0.0,88.01074114,2.5,2010
RWA,Rwanda,5773084568.0,47.2,65.85227203,415.35638430000006,20.2,2010
SAU,Saudi Arabia,528207000000.0,0.0,0.0,12.75796789,2.4,2010
SDN,Sudan,65634109237.0,0.0,0.0,19.43239057,12.0,2010
SEN,Senegal,16215069256.0,0.0,0.0,67.08683841,20.9,2010
SGP,Singapore,236422000000.0,0.0,95.85733032,7231.81228,0.9,2010
SLB,Solomon Islands,681151193.5,0.0,0.0,18.85637728,4.9,2010
SLE,Sierra Leone,2578026297.0,0.0,0.0,89.48074259,30.6,2010
SLV,El Salvador,18447922400.0,43.5,84.49272156,297.5205598,4.5,2010
SMR,San Marino,2139072848.0,0.0,0.0,518.5,0.9,2010
SOM,Somalia,0.0,0.0,0.0,19.21322249,29.8,2010
SRB,Serbia,39460357731.0,29.0,0.0,83.3688086,1.5,2010
SSD,South Sudan,0.0,0.0,0.0,0.0,20.9,2010
SUR,Suriname,4368398048.0,0.0,94.67575073,3.372455128,3.9,2010
SVK,Slovak Republic,89501012916.0,27.3,0.0,112.10887460000001,1.6,2010
SVN,Slovenia,48013606745.0,24.9,0.0,101.68582690000001,1.0,2010
SWE,Sweden,488909000000.0,27.7,0.0,22.85452552,0.9,2010
SWZ,Eswatini,4438778424.0,0.0,83.09828949,69.93273256,13.0,2010
SXM,Sint Maarten (Dutch part),0.0,0.0,0.0,1001.647059,0.0,2010
SYC,Seychelles,969936525.3,0.0,93.95423126,195.1521739,2.9,2010
TCA,Turks and Caicos Islands,0.0,0.0,0.0,32.62526316,0.0,2010
TCD,Chad,10657705536.0,0.0,0.0,9.440281131,32.5,2010
TGO,Togo,3426022206.0,0.0,0.0,119.56153700000002,25.3,2010
THA,Thailand,341105000000.0,39.4,96.4309082,131.5524046,5.2,2010
TJK,Tajikistan,5642178580.0,0.0,0.0,54.59867105,5.4,2010
TKM,Turkmenistan,22583157895.0,0.0,0.0,10.82546337,4.1,2010
TLS,Timor-Leste,3998900000.0,0.0,58.30897903,74.61943509999999,10.0,2010
TON,Tonga,369485198.8,0.0,0.0,144.63472219999997,3.7,2010
TTO,Trinidad and Tobago,22157253321.0,0.0,98.69999695,258.8888889,3.0,2010
TUN,Tunisia,44050929160.0,35.8,79.13057709,68.48565268,3.7,2010
TUR,Turkey,771902000000.0,38.8,92.66059875,93.97621454,4.1,2010
TUV,Tuvalu,31823518.62,39.1,0.0,351.03333330000004,5.7,2010
TZA,Tanzania,32014249841.0,0.0,67.80069733,52.04175999,13.9,2010
UGA,Uganda,20186496527.0,0.0,73.21188354,169.1359116,17.4,2010
UKR,Ukraine,136013000000.0,24.8,0.0,79.18024581,2.7,2010
URY,Uruguay,40284481652.0,44.5,98.07270813,19.28016798,2.1,2010
USA,United States,14992100000000.0,40.4,0.0,33.81566442,1.3,2010
UZB,Uzbekistan,39332770929.0,0.0,0.0,67.14245416,3.4,2010
VCT,St. Vincent and the Grenadines,681225963.0,0.0,0.0,280.2948718,4.1,2010
VGB,British Virgin Islands,0.0,0.0,0.0,181.49333330000002,0.0,2010
VNM,Vietnam,115932000000.0,39.3,0.0,285.3307705,3.7,2010
VUT,Vanuatu,700804286.2,37.6,0.0,19.38433142,5.4,2010
WSM,Samoa,643046733.4,0.0,0.0,65.79681979,3.9,2010
XKX,Kosovo,5830463576.0,33.3,0.0,163.1009461,0.0,2010
ZAF,South Africa,375349000000.0,63.4,92.87731934,42.52336018,13.3,2010
ZMB,Zambia,20265556274.0,55.6,83.00766754,18.6309111,17.3,2010
ZWE,Zimbabwe,12041655200.0,0.0,0.0,36.41286545,15.9,2010
ABW,Aruba,2472880828.0,0.0,0.0,566.9611111,0.0,2011
AFG,Afghanistan,15924179998.0,0.0,31.74111938,45.50531354,0.0,2011
AGO,Angola,86708999529.0,0.0,0.0,19.426137,0.0,2011
ALB,Albania,12231094665.0,0.0,96.84529877,106.0290146,0.0,2011
AND,Andorra,3199771534.0,0.0,0.0,178.193617,0.0,2011
ARG,Argentina,449062000000.0,42.3,99.10832977,15.22162868,0.0,2011
ARM,Armenia,9695518330.0,29.4,99.74440765,101.0038988,0.0,2011
ASM,American Samoa,577691630.0,0.0,0.0,276.6,0.0,2011
ATG,Antigua and Barbuda,1128507775.0,0.0,0.0,217.54318179999999,0.0,2011
AUS,Australia,1172310000000.0,0.0,0.0,2.90798641,0.0,2011
AUT,Austria,403347000000.0,30.8,0.0,101.6417364,0.0,2011
AZE,Azerbaijan,52937578302.0,0.0,99.77863312,110.9763389,0.0,2011
BDI,Burundi,2114083183.0,0.0,0.0,352.16152650000004,0.0,2011
BEL,Belgium,492244000000.0,28.1,0.0,364.5397622,0.0,2011
BEN,Benin,7176751732.0,43.4,0.0,83.90211068,0.0,2011
BFA,Burkina Faso,9575057058.0,0.0,0.0,58.77888889,0.0,2011
BGD,Bangladesh,122731000000.0,0.0,58.769180299999995,1182.391611,0.0,2011
BGR,Bulgaria,51579193177.0,34.3,98.35244751,67.68909359,0.0,2011
BHR,Bahrain,26223377132.0,0.0,0.0,1666.582856,0.0,2011
BIH,Bosnia and Herzegovina,17341498612.0,33.0,98.14203644,72.04814453,0.0,2011
BLR,Belarus,61820512466.0,27.2,0.0,46.686570399999994,0.0,2011
BLZ,Belize,1426937515.0,0.0,0.0,14.43191583,0.0,2011
BMU,Bermuda,5552579616.0,0.0,0.0,1195.629609,0.0,2011
BOL,Bolivia,20672314545.0,46.1,92.22615051,9.303372104,0.0,2011
BRA,Brazil,2296660000000.0,52.9,91.41123962,23.77163914,0.0,2011
BRB,Barbados,4559674767.0,0.0,0.0,652.5604651000001,0.0,2011
BTN,Bhutan,1710580807.0,0.0,0.0,19.42728991,0.0,2011
BWA,Botswana,13560031675.0,0.0,0.0,3.6196054560000004,0.0,2011
CAF,Central African Republic,2051568714.0,0.0,0.0,7.185066936,0.0,2011
CAN,Canada,1664150000000.0,0.0,0.0,3.7766253069999998,0.0,2011
CHE,Switzerland,593665000000.0,31.7,0.0,200.2327615,0.0,2011
CHI,Channel Islands,0.0,0.0,0.0,810.5909402999999,0.0,2011
CHL,Chile,231892000000.0,47.6,96.70301056,23.07009823,0.0,2011
CHN,China,6682400000000.0,42.4,0.0,143.1721085,0.0,2011
CMR,Cameroon,27223369236.0,0.0,0.0,43.41022403,0.0,2011
COL,Colombia,307168000000.0,53.5,93.58052826,41.82663001,0.0,2011
COM,Comoros,944282560.4,0.0,0.0,379.6716694,0.0,2011
CPV,Cabo Verde,1730365372.0,0.0,0.0,126.0712159,0.0,2011
CRI,Costa Rica,38873833296.0,48.7,97.40657806,90.09937329,0.0,2011
CUB,Cuba,66130664082.0,0.0,0.0,106.25428079999999,0.0,2011
CYM,Cayman Islands,0.0,0.0,0.0,235.74583330000002,0.0,2011
CYP,Cyprus,25665390728.0,32.6,98.67842865,121.73538959999999,0.0,2011
CZE,Czech Republic,211166000000.0,26.4,0.0,135.8892802,0.0,2011
DEU,Germany,3542160000000.0,30.5,0.0,230.3046333,0.0,2011
DJI,Djibouti,0.0,0.0,0.0,37.35707506,0.0,2011
DMA,Dominica,492719836.6,0.0,0.0,95.624,0.0,2011
DNK,Denmark,326300000000.0,27.3,0.0,131.2885223,0.0,2011
DOM,Dominican Republic,55674398434.0,47.7,90.10637665,207.557338,0.0,2011
DZA,Algeria,165869000000.0,27.6,0.0,15.45910049,0.0,2011
ECU,Ecuador,75028081292.0,45.9,91.5868988,61.11030359,0.0,2011
ERI,Eritrea,2300794306.0,0.0,0.0,44.30386139,0.0,2011
ESP,Spain,1417320000000.0,35.7,97.78375244,93.50783588,0.0,2011
EST,Estonia,20971721297.0,32.5,99.88578796,31.31490918,0.0,2011
ETH,Ethiopia,33279878090.0,0.0,0.0,90.046756,0.0,2011
FIN,Finland,254170000000.0,27.6,0.0,17.73099477,0.0,2011
FJI,Fiji,3225464090.0,0.0,0.0,47.45955118,0.0,2011
FRA,France,2700550000000.0,33.3,0.0,119.33511200000001,0.0,2011
FRO,Faroe Islands,0.0,0.0,0.0,34.81948272,0.0,2011
GAB,Gabon,15376859682.0,0.0,0.0,6.586335235,0.0,2011
GBR,United Kingdom,2493240000000.0,33.2,0.0,261.47612119999997,0.0,2011
GEO,Georgia,12479016506.0,39.6,0.0,67.79453445,0.0,2011
GHA,Ghana,36694403096.0,0.0,0.0,110.4060649,0.0,2011
GIB,Gibraltar,0.0,0.0,0.0,3340.5,0.0,2011
GIN,Guinea,7238091704.0,0.0,0.0,44.90953117,0.0,2011
GNB,Guinea-Bissau,917693960.1,0.0,0.0,56.76223329,0.0,2011
GNQ,Equatorial Guinea,17361846463.0,0.0,0.0,35.44705882,0.0,2011
GRC,Greece,272022000000.0,34.8,97.36873627,86.1512723,0.0,2011
GRD,Grenada,776911332.0,0.0,0.0,309.04411760000005,0.0,2011
GRL,Greenland,2490727405.0,0.0,0.0,0.138603971,0.0,2011
GTM,Guatemala,43059051146.0,0.0,0.0,139.5009239,0.0,2011
GUM,Guam,4901017210.0,0.0,0.0,295.7,0.0,2011
GUY,Guyana,2391347771.0,0.0,0.0,3.805435611,0.0,2011
HKG,"Hong Kong SAR, China",239646000000.0,0.0,0.0,6734.857143000001,0.0,2011
HND,Honduras,16446892853.0,56.2,85.12329865,74.64116543,0.0,2011
HRV,Croatia,59640623501.0,32.3,99.12535858,76.49431737,0.0,2011
HUN,Hungary,133093000000.0,29.2,0.0,110.14831550000001,0.0,2011
IDN,Indonesia,801682000000.0,39.7,92.81191254,135.6323581,0.0,2011
IMN,Isle of Man,6038581242.0,0.0,0.0,141.6824561,0.0,2011
IND,India,1763440000000.0,35.7,69.30255890000001,419.49422300000003,0.0,2011
IRL,Ireland,230400000000.0,32.9,0.0,66.484018,0.0,2011
IRQ,Iraq,148970000000.0,0.0,0.0,73.04994704,0.0,2011
ISL,Iceland,13941164776.0,26.8,0.0,3.1821845389999996,0.0,2011
ISR,Israel,245344000000.0,0.0,0.0,358.86321630000003,0.0,2011
ITA,Italy,2137310000000.0,35.1,98.84828186,201.8747841,0.0,2011
JAM,Jamaica,13428092060.0,0.0,0.0,261.2643583,0.0,2011
JOR,Jordan,27108947011.0,0.0,95.90444946,85.32262897,0.0,2011
JPN,Japan,5693520000000.0,0.0,0.0,350.65490800000003,0.0,2011
KAZ,Kazakhstan,159003000000.0,28.0,0.0,6.132978109,0.0,2011
KEN,Kenya,42443399231.0,0.0,0.0,74.65094529,0.0,2011
KGZ,Kyrgyz Republic,5079922900.0,27.8,0.0,28.75182482,0.0,2011
KHM,Cambodia,12037055708.0,0.0,0.0,82.35829368,0.0,2011
KIR,Kiribati,158610338.3,0.0,0.0,129.20493829999998,0.0,2011
KNA,St. Kitts and Nevis,780463737.2,0.0,0.0,200.0230769,0.0,2011
KWT,Kuwait,126532000000.0,0.0,0.0,179.0713244,0.0,2011
LAO,Lao PDR,7700771123.0,0.0,58.28794098,27.44145147,0.0,2011
LBN,Lebanon,38772202673.0,31.8,0.0,448.52082110000003,0.0,2011
LBR,Liberia,2161851301.0,0.0,0.0,42.25671719,0.0,2011
LBY,Libya,28357141373.0,0.0,0.0,3.519954647,0.0,2011
LCA,St. Lucia,1430651614.0,0.0,0.0,284.9704918,0.0,2011
LIE,Liechtenstein,0.0,0.0,0.0,226.65,0.0,2011
LKA,Sri Lanka,61493396999.0,0.0,0.0,323.951794,0.0,2011
LSO,Lesotho,2524596361.0,0.0,0.0,67.98965744,0.0,2011
LTU,Lithuania,39363759100.0,32.5,99.81559753,48.31533087,0.0,2011
LUX,Luxembourg,54563666562.0,32.1,0.0,213.3115226,0.0,2011
LVA,Latvia,25273331011.0,35.8,99.89589691,33.114292600000006,0.0,2011
MAC,"Macao SAR, China",34218688481.0,0.0,95.64003754,18375.88623,0.0,2011
MAF,St. Martin (French part),0.0,0.0,0.0,562.7757353,0.0,2011
MAR,Morocco,98106615022.0,0.0,67.08415985,73.62496751,0.0,2011
MCO,Monaco,5741986755.0,0.0,0.0,18748.5,0.0,2011
MDA,Moldova,6206793144.0,30.6,0.0,124.09753549999999,0.0,2011
MDG,Madagascar,8856903643.0,0.0,0.0,37.37390146,0.0,2011
MDV,Maldives,2809898201.0,0.0,0.0,1250.436667,0.0,2011
MEX,Mexico,1096550000000.0,0.0,93.51998138,61.26187248,0.0,2011
MHL,Marshall Islands,166959486.5,0.0,98.26508331,291.9,0.0,2011
MKD,North Macedonia,9627285730.0,39.4,0.0,82.1722046,0.0,2011
MLI,Mali,11024767958.0,0.0,33.56093979,12.73653202,0.0,2011
MLT,Malta,8856688742.0,29.1,93.30735779,1300.8375,0.0,2011
MMR,Myanmar,52310879191.0,0.0,0.0,77.38222076,0.0,2011
MNE,Montenegro,4271646199.0,30.8,98.44220734,46.10252788,0.0,2011
MNG,Mongolia,8432599136.0,33.9,0.0,1.777540616,0.0,2011
MNP,Northern Mariana Islands,737538461.5,0.0,0.0,116.92608700000001,0.0,2011
MOZ,Mozambique,10876976989.0,0.0,0.0,31.71368168,0.0,2011
MRT,Mauritania,4541843582.0,0.0,0.0,3.6069389739999997,0.0,2011
MUS,Mauritius,10411565236.0,0.0,89.24983978,616.9477833,0.0,2011
MWI,Malawi,7297481088.0,0.0,0.0,165.7575095,0.0,2011
MYS,Malaysia,268517000000.0,43.9,0.0,87.15607366,0.0,2011
NAM,Namibia,11856607187.0,0.0,88.27462769,2.6911792930000002,0.0,2011
NCL,New Caledonia,0.0,0.0,0.0,13.91411379,0.0,2011
NER,Niger,5849222101.0,31.5,0.0,13.47172653,0.0,2011
NGA,Nigeria,382647000000.0,0.0,0.0,178.8344763,0.0,2011
NIC,Nicaragua,9311876958.0,0.0,0.0,48.26175835,0.0,2011
NLD,Netherlands,859687000000.0,27.7,0.0,495.0496441000001,0.0,2011
NOR,Norway,433302000000.0,25.3,0.0,13.56103923,0.0,2011
NPL,Nepal,16550239852.0,0.0,59.62725067,190.63234740000001,0.0,2011
NRU,Nauru,55003298.71,0.0,0.0,502.85,0.0,2011
NZL,New Zealand,150535000000.0,0.0,0.0,16.64957654,0.0,2011
OMN,Oman,57992197659.0,0.0,0.0,10.45967044,0.0,2011
PAK,Pakistan,182283000000.0,30.9,54.73802185,225.95509680000004,0.0,2011
PAN,Panama,32771051606.0,51.3,0.0,49.87600215,0.0,2011
PER,Peru,156863000000.0,44.7,0.0,23.24999141,0.0,2011
PHL,Philippines,206895000000.0,0.0,0.0,319.54234160000004,0.0,2011
PLW,Palau,192713097.5,0.0,0.0,44.78043478,0.0,2011
PNG,Papua New Guinea,14408526151.0,0.0,0.0,16.05208674,0.0,2011
POL,Poland,503303000000.0,32.8,0.0,124.2962969,0.0,2011
PRI,Puerto Rico,98028592583.0,0.0,0.0,414.73866969999995,0.0,2011
PRT,Portugal,233950000000.0,36.3,94.47705078,115.2697893,0.0,2011
PRY,Paraguay,28372405344.0,52.3,0.0,15.84138686,0.0,2011
PSE,West Bank and Gaza,10019539737.0,34.4,95.26724243,652.3340532000001,0.0,2011
PYF,French Polynesia,0.0,0.0,0.0,73.72759563,0.0,2011
QAT,Qatar,141858000000.0,0.0,0.0,168.1355728,0.0,2011
ROU,Romania,169562000000.0,35.9,98.60428619,87.53324934,0.0,2011
RWA,Rwanda,6222456868.0,0.0,0.0,426.26959869999996,0.0,2011
SAU,Saudi Arabia,581011000000.0,0.0,0.0,13.135856799999999,0.0,2011
SDN,Sudan,64342607849.0,0.0,0.0,19.96141204,0.0,2011
SEN,Senegal,16451547989.0,40.3,52.05195999,69.08486989,0.0,2011
SGP,Singapore,251436000000.0,0.0,96.18608093,7363.1930219999995,0.0,2011
SLB,Solomon Islands,771033399.4,0.0,0.0,19.27881386,0.0,2011
SLE,Sierra Leone,2740829819.0,34.0,0.0,91.60005542,0.0,2011
SLV,El Salvador,19151123032.0,42.3,85.49398804,298.86872589999996,0.0,2011
SMR,San Marino,1937142143.0,0.0,0.0,525.0666666999999,0.0,2011
SOM,Somalia,0.0,0.0,0.0,19.77352791,0.0,2011
SRB,Serbia,40013381123.0,0.0,97.96240997,82.7132289,0.0,2011
SSD,South Sudan,0.0,0.0,0.0,0.0,0.0,2011
SUR,Suriname,4624018823.0,0.0,0.0,3.407621795,0.0,2011
SVK,Slovak Republic,92024135539.0,26.5,0.0,112.2605269,0.0,2011
SVN,Slovenia,48325391228.0,24.9,0.0,101.8982937,0.0,2011
SWE,Sweden,502008000000.0,27.6,0.0,23.02776478,0.0,2011
SWZ,Eswatini,4538527974.0,0.0,0.0,71.23593023,0.0,2011
SXM,Sint Maarten (Dutch part),0.0,0.0,0.0,983.3823528999999,0.0,2011
SYC,Seychelles,1046438131.0,0.0,0.0,190.0891304,0.0,2011
TCA,Turks and Caicos Islands,0.0,0.0,0.0,33.40105263,0.0,2011
TCD,Chad,10666537556.0,43.3,0.0,9.759093868999999,0.0,2011
TGO,Togo,3645225926.0,46.0,60.40993881,122.8034933,0.0,2011
THA,Thailand,343970000000.0,37.5,0.0,132.1813502,0.0,2011
TJK,Tajikistan,6059735880.0,0.0,0.0,55.84416262,0.0,2011
TKM,Turkmenistan,25902882089.0,0.0,0.0,11.01028025,0.0,2011
TLS,Timor-Leste,4472146874.0,0.0,0.0,76.09435104,0.0,2011
TON,Tonga,379775900.6,0.0,99.38552856,145.24583330000002,0.0,2011
TTO,Trinidad and Tobago,22092032459.0,0.0,0.0,260.1925926,0.0,2011
TUN,Tunisia,43206394579.0,0.0,79.65390778,69.26793898,0.0,2011
TUR,Turkey,857687000000.0,40.0,94.10608673,95.38278783,0.0,2011
TUV,Tuvalu,34215328.62,0.0,0.0,354.2666667,0.0,2011
TZA,Tanzania,34470432851.0,37.8,0.0,53.70388575,0.0,2011
UGA,Uganda,22082345211.0,0.0,0.0,175.0132057,0.0,2011
UKR,Ukraine,143447000000.0,24.6,0.0,78.89611959,0.0,2011
URY,Uruguay,42364020184.0,42.2,98.33589935,19.34421209,0.0,2011
USA,United States,15224600000000.0,0.0,0.0,34.06206439,0.0,2011
UZB,Uzbekistan,42597390916.0,0.0,0.0,68.96897038,0.0,2011
VCT,St. Vincent and the Grenadines,678369231.8,0.0,0.0,280.3615385,0.0,2011
VGB,British Virgin Islands,0.0,0.0,0.0,186.00666669999998,0.0,2011
VNM,Vietnam,123166000000.0,0.0,0.0,288.4401716,0.0,2011
VUT,Vanuatu,709376703.2,0.0,0.0,19.84175554,0.0,2011
WSM,Samoa,680205473.7,0.0,98.97325897,66.31272085,0.0,2011
XKX,Kosovo,6111058328.0,27.8,0.0,164.508129,0.0,2011
ZAF,South Africa,387677000000.0,0.0,93.10214233,43.08296664,0.0,2011
ZMB,Zambia,21393258427.0,0.0,0.0,19.18879189,0.0,2011
ZWE,Zimbabwe,13750837258.0,43.2,83.58271027,37.18921804,0.0,2011
ABW,Aruba,2439005749.0,0.0,0.0,569.8722222,0.0,2012
AFG,Afghanistan,17954877147.0,0.0,0.0,47.01920473,0.0,2012
AGO,Angola,94115810021.0,0.0,0.0,20.13006337,0.0,2012
ALB,Albania,12404776209.0,29.0,97.24697113,105.85405109999999,0.0,2012
AND,Andorra,3148088243.0,0.0,0.0,175.3851064,0.0,2012
ARG,Argentina,444453000000.0,41.2,99.10523224,15.38235569,0.0,2012
ARM,Armenia,10393595650.0,29.6,0.0,101.2266245,0.0,2012
ASM,American Samoa,552317180.6,0.0,0.0,276.15,0.0,2012
ATG,Antigua and Barbuda,1168080145.0,0.0,0.0,219.9477273,0.0,2012
AUS,Australia,1217930000000.0,0.0,0.0,2.95920037,0.0,2012
AUT,Austria,406092000000.0,30.5,0.0,102.11486540000001,0.0,2012
AZE,Azerbaijan,54102205125.0,0.0,99.77577209,112.4607929,0.0,2012
BDI,Burundi,2208090294.0,0.0,0.0,362.9170561,0.0,2012
BEL,Belgium,493399000000.0,27.5,0.0,366.8075297,0.0,2012
BEN,Benin,7522418418.0,0.0,32.94881821,86.28201490000001,0.0,2012
BFA,Burkina Faso,10192906646.0,0.0,0.0,60.56730994,0.0,2012
BGD,Bangladesh,130735000000.0,0.0,57.86074829,1196.3359679999999,0.0,2012
BGR,Bulgaria,51595167186.0,36.0,0.0,67.2981577,0.0,2012
BHR,Bahrain,27202099524.0,0.0,0.0,1688.593506,0.0,2012
BIH,Bosnia and Herzegovina,17198998442.0,0.0,0.0,71.25390625,0.0,2012
BLR,Belarus,62863508301.0,26.5,0.0,46.6438076,0.0,2012
BLZ,Belize,1468858266.0,0.0,0.0,14.76111355,0.0,2012
BMU,Bermuda,5284137924.0,0.0,0.0,1199.9629419999999,0.0,2012
BOL,Bolivia,21731207275.0,46.6,94.46057129,9.451679129,0.0,2012
BRA,Brazil,2340780000000.0,52.7,91.33785248,23.995887,0.0,2012
BRB,Barbados,4572494459.0,0.0,0.0,654.8488372,0.0,2012
BTN,Bhutan,1797336501.0,38.8,57.03359985,19.75409947,0.0,2012
BWA,Botswana,14164289360.0,0.0,0.0,3.686614437,0.0,2012
CAF,Central African Republic,2135945588.0,0.0,0.0,7.207961732,0.0,2012
CAN,Canada,1693190000000.0,0.0,0.0,3.821466628,0.0,2012
CHE,Switzerland,599638000000.0,31.6,0.0,202.3701995,0.0,2012
CHI,Channel Islands,0.0,0.0,0.0,814.9394252999999,0.0,2012
CHL,Chile,244226000000.0,0.0,0.0,23.2804308,0.0,2012
CHN,China,7207390000000.0,42.2,0.0,143.8713898,0.0,2012
CMR,Cameroon,28460199047.0,0.0,0.0,44.59897823,0.0,2012
COL,Colombia,319157000000.0,52.7,0.0,42.25459667,0.0,2012
COM,Comoros,974502179.3,0.0,49.19614029,388.96720919999996,0.0,2012
CPV,Cabo Verde,1749086512.0,0.0,85.32778931,127.5382134,0.0,2012
CRI,Costa Rica,40738579949.0,48.6,0.0,91.15005875,0.0,2012
CUB,Cuba,68124437665.0,0.0,99.75253296,106.9258103,0.0,2012
CYM,Cayman Islands,0.0,0.0,0.0,239.6791667,0.0,2012
CYP,Cyprus,24926715232.0,34.3,0.0,122.8422078,0.0,2012
CZE,Czech Republic,209477000000.0,26.1,0.0,136.0971773,0.0,2012
DEU,Germany,3559590000000.0,0.0,0.0,230.75062549999998,0.0,2012
DJI,Djibouti,0.0,45.1,0.0,38.01488352,0.0,2012
DMA,Dominica,487502987.6,0.0,0.0,96.05866667,0.0,2012
DNK,Denmark,327039000000.0,27.8,0.0,133.1643725,0.0,2012
DOM,Dominican Republic,57187276664.0,46.1,90.15518188,210.2038915,0.0,2012
DZA,Algeria,171467000000.0,0.0,0.0,15.77243822,0.0,2012
ECU,Ecuador,79261137178.0,46.1,92.06472778,62.08594782,0.0,2012
ERI,Eritrea,0.0,0.0,0.0,0.0,0.0,2012
ESP,Spain,1375820000000.0,35.4,97.89453888,93.50683713,0.0,2012
EST,Estonia,21875027648.0,32.9,0.0,31.20301958,0.0,2012
ETH,Ethiopia,36157859259.0,0.0,0.0,92.444183,0.0,2012
FIN,Finland,250545000000.0,27.1,0.0,17.81556155,0.0,2012
FJI,Fiji,3270985505.0,0.0,0.0,47.81587302,0.0,2012
FRA,France,2709010000000.0,33.1,0.0,119.91407279999999,0.0,2012
FRO,Faroe Islands,0.0,0.0,0.0,34.86102999,0.0,2012
GAB,Gabon,16184310412.0,0.0,82.28379822,6.818089028999999,0.0,2012
GBR,United Kingdom,2529320000000.0,32.3,0.0,263.3005415,0.0,2012
GEO,Georgia,13271494212.0,39.0,0.0,66.91976626,0.0,2012
GHA,Ghana,40104336703.0,42.4,0.0,113.0924189,0.0,2012
GIB,Gibraltar,0.0,0.0,0.0,3362.3,0.0,2012
GIN,Guinea,7666363201.0,33.7,0.0,45.91188751,0.0,2012
GNB,Guinea-Bissau,901976771.6,0.0,0.0,58.25529872,0.0,2012
GNQ,Equatorial Guinea,18805114509.0,0.0,0.0,37.02648841,0.0,2012
GRC,Greece,252163000000.0,36.2,0.0,85.68666408,0.0,2012
GRD,Grenada,767936889.4,0.0,0.0,310.2382353,0.0,2012
GRL,Greenland,2525452961.0,0.0,0.0,0.138409063,0.0,2012
GTM,Guatemala,44337843575.0,0.0,78.26486206,142.5070549,0.0,2012
GUM,Guam,5000301168.0,0.0,0.0,296.2462963,0.0,2012
GUY,Guyana,2517522600.0,0.0,0.0,3.8257099310000005,0.0,2012
HKG,"Hong Kong SAR, China",243721000000.0,0.0,0.0,6809.6190480000005,0.0,2012
HND,Honduras,17125933704.0,56.1,85.35555267,76.01792832,0.0,2012
HRV,Croatia,58268505768.0,32.5,0.0,76.26086490000002,0.0,2012
HUN,Hungary,130922000000.0,30.8,0.0,109.5809345,0.0,2012
IDN,Indonesia,850024000000.0,39.6,0.0,137.3853795,0.0,2012
IMN,Isle of Man,6231815842.0,0.0,0.0,142.8175439,0.0,2012
IND,India,1859660000000.0,0.0,0.0,424.81841119999996,0.0,2012
IRL,Ireland,230820000000.0,33.2,0.0,66.76633764,0.0,2012
IRQ,Iraq,169731000000.0,29.5,0.0,75.46640956,0.0,2012
ISL,Iceland,14121903068.0,26.8,0.0,3.199162095,0.0,2012
ISR,Israel,250536000000.0,41.4,0.0,365.54990760000004,0.0,2012
ITA,Italy,2077060000000.0,35.2,0.0,202.41965390000001,0.0,2012
JAM,Jamaica,13345520232.0,0.0,0.0,262.3261311,0.0,2012
JOR,Jordan,27827651432.0,0.0,97.89031982,90.02672899,0.0,2012
JPN,Japan,5778640000000.0,0.0,0.0,350.09052010000005,0.0,2012
KAZ,Kazakhstan,166635000000.0,28.2,0.0,6.219983331,0.0,2012
KEN,Kenya,44380180300.0,0.0,0.0,76.68873915,0.0,2012
KGZ,Kyrgyz Republic,5075444938.0,27.4,0.0,29.234619399999996,0.0,2012
KHM,Cambodia,12917367180.0,0.0,0.0,83.71213459999998,0.0,2012
KIR,Kiribati,166086149.7,0.0,0.0,131.6209877,0.0,2012
KNA,St. Kitts and Nevis,775346450.5,0.0,0.0,202.2730769,0.0,2012
KWT,Kuwait,134917000000.0,0.0,95.51316833,190.5474747,0.0,2012
LAO,Lao PDR,8318842593.0,36.4,0.0,27.79535962,0.0,2012
LBN,Lebanon,39857674715.0,0.0,0.0,480.5869013,0.0,2012
LBR,Liberia,2334665710.0,0.0,0.0,43.41323713,0.0,2012
LBY,Libya,63275999127.0,0.0,0.0,3.522658195,0.0,2012
LCA,St. Lucia,1421648288.0,0.0,0.0,286.6147541,0.0,2012
LIE,Liechtenstein,0.0,0.0,0.0,228.40625,0.0,2012
LKA,Sri Lanka,67116705113.0,39.2,0.0,325.7056291,0.0,2012
LSO,Lesotho,2676023465.0,0.0,0.0,68.83820817,0.0,2012
LTU,Lithuania,40870192058.0,35.1,0.0,47.67165087,0.0,2012
LUX,Luxembourg,54371319074.0,34.3,0.0,218.4962963,0.0,2012
LVA,Latvia,26293015996.0,35.2,0.0,32.71661306,0.0,2012
MAC,"Macao SAR, China",37379527308.0,0.0,0.0,18813.745759999998,0.0,2012
MAF,St. Martin (French part),0.0,0.0,0.0,569.0992647,0.0,2012
MAR,Morocco,101060000000.0,0.0,69.42539215,74.68919785,0.0,2012
MCO,Monaco,5798543046.0,0.0,0.0,18891.5,0.0,2012
MDA,Moldova,6163345583.0,29.2,99.13831329,124.0380179,0.0,2012
MDG,Madagascar,9125047118.0,42.6,71.57261658,38.40970273,0.0,2012
MDV,Maldives,2880634127.0,0.0,0.0,1287.343333,0.0,2012
MEX,Mexico,1136490000000.0,45.4,94.22840118,62.15607757,0.0,2012
MHL,Marshall Islands,172732723.1,0.0,0.0,292.5722222,0.0,2012
MKD,North Macedonia,9583392749.0,38.1,0.0,82.23774782,0.0,2012
MLI,Mali,10932581179.0,0.0,0.0,13.11817832,0.0,2012
MLT,Malta,9096953642.0,29.4,0.0,1312.5875,0.0,2012
MMR,Myanmar,56146663570.0,0.0,0.0,78.06248794,0.0,2012
MNE,Montenegro,4156311751.0,32.3,0.0,46.14133829,0.0,2012
MNG,Mongolia,9471480158.0,33.8,0.0,1.811469142,0.0,2012
MNP,Northern Mariana Islands,741503722.1,0.0,0.0,116.77826090000002,0.0,2012
MOZ,Mozambique,11659922005.0,0.0,0.0,32.65165187,0.0,2012
MRT,Mauritania,4805046968.0,0.0,0.0,3.7161531,0.0,2012
MUS,Mauritius,10775566009.0,35.8,91.76600647,618.6610837000001,0.0,2012
MWI,Malawi,7435096950.0,0.0,0.0,170.7393403,0.0,2012
MYS,Malaysia,283214000000.0,0.0,0.0,88.78543905,0.0,2012
NAM,Namibia,12456750940.0,0.0,0.0,2.749862138,0.0,2012
NCL,New Caledonia,0.0,0.0,0.0,14.16849015,0.0,2012
NER,Niger,6542344343.0,0.0,30.56039047,13.99829004,0.0,2012
NGA,Nigeria,398833000000.0,0.0,0.0,183.68774109999998,0.0,2012
NIC,Nicaragua,9916789200.0,0.0,0.0,48.83752701,0.0,2012
NLD,Netherlands,850829000000.0,27.6,0.0,496.8849941000001,0.0,2012
NOR,Norway,445095000000.0,25.7,0.0,13.74033034,0.0,2012
NPL,Nepal,17341538638.0,0.0,0.0,192.8840251,0.0,2012
NRU,Nauru,60551234.79,0.0,0.0,513.95,0.0,2012
NZL,New Zealand,154298000000.0,0.0,0.0,16.74110364,0.0,2012
OMN,Oman,63404421326.0,0.0,0.0,11.19432633,0.0,2012
PAK,Pakistan,188675000000.0,0.0,56.76433945,230.7901788,0.0,2012
PAN,Panama,35975676272.0,51.7,0.0,50.75246166,0.0,2012
PER,Peru,166494000000.0,44.4,93.84172821,23.56169219,0.0,2012
PHL,Philippines,220724000000.0,42.2,0.0,324.8705168,0.0,2012
PLW,Palau,199645404.8,0.0,0.0,45.12608696,0.0,2012
PNG,Papua New Guinea,15078295061.0,0.0,0.0,16.4086826,0.0,2012
POL,Poland,511396000000.0,32.4,0.0,124.3000588,0.0,2012
PRI,Puerto Rico,98057290562.0,0.0,0.0,409.75062010000005,0.0,2012
PRT,Portugal,224526000000.0,36.0,0.0,114.8034065,0.0,2012
PRY,Paraguay,28219616269.0,47.6,94.19747162,16.05642839,0.0,2012
PSE,West Bank and Gaza,10649191297.0,0.0,95.90621948,672.242691,0.0,2012
PYF,French Polynesia,0.0,0.0,0.0,74.23579235,0.0,2012
QAT,Qatar,148507000000.0,0.0,0.0,181.70267009999998,0.0,2012
ROU,Romania,173084000000.0,36.5,0.0,87.20126511,0.0,2012
RWA,Rwanda,6771297545.0,0.0,68.33103179999999,437.3268342,0.0,2012
SAU,Saudi Arabia,612452000000.0,0.0,0.0,13.53048905,0.0,2012
SDN,Sudan,64678192683.0,0.0,0.0,20.49370497,0.0,2012
SEN,Senegal,17293438557.0,0.0,0.0,71.17598816,0.0,2012
SGP,Singapore,261703000000.0,0.0,96.36978912,7524.698463,0.0,2012
SLB,Solomon Islands,806157014.5,0.0,0.0,19.70457306,0.0,2012
SLE,Sierra Leone,3156936273.0,0.0,0.0,93.73930452,0.0,2012
SLV,El Salvador,19690049938.0,41.8,0.0,300.2531853,0.0,2012
SMR,San Marino,1790916460.0,0.0,0.0,531.9,0.0,2012
SOM,Somalia,0.0,0.0,0.0,20.34586668,0.0,2012
SRB,Serbia,39607137114.0,0.0,0.0,82.31279442,0.0,2012
SSD,South Sudan,0.0,0.0,0.0,0.0,0.0,2012
SUR,Suriname,4748421116.0,0.0,92.86865997,3.442801282,0.0,2012
SVK,Slovak Republic,93549112293.0,26.1,0.0,112.4517389,0.0,2012
SVN,Slovenia,47035305258.0,25.6,0.0,102.1140519,0.0,2012
SWE,Sweden,500510000000.0,27.6,0.0,23.36960279,0.0,2012
SWZ,Eswatini,4752652121.0,0.0,0.0,72.56732558,0.0,2012
SXM,Sint Maarten (Dutch part),0.0,0.0,0.0,1018.8235289999999,0.0,2012
SYC,Seychelles,1059631924.0,0.0,0.0,191.9630435,0.0,2012
TCA,Turks and Caicos Islands,0.0,0.0,0.0,34.13789474,0.0,2012
TCD,Chad,11614000868.0,0.0,0.0,10.08984673,0.0,2012
TGO,Togo,3883751541.0,0.0,0.0,126.11660230000001,0.0,2012
THA,Thailand,368883000000.0,39.3,0.0,132.7956683,0.0,2012
TJK,Tajikistan,6513378379.0,0.0,0.0,57.12390683,0.0,2012
TKM,Turkmenistan,28778101991.0,0.0,0.0,11.20983764,0.0,2012
TLS,Timor-Leste,4694094125.0,0.0,0.0,77.79152656,0.0,2012
TON,Tonga,383157131.2,0.0,0.0,145.7652778,0.0,2012
TTO,Trinidad and Tobago,22377898712.0,0.0,0.0,261.5181287,0.0,2012
TUN,Tunisia,44933645382.0,0.0,80.21875,70.07381565,0.0,2012
TUR,Turkey,898770000000.0,40.2,94.91974640000001,96.89054091,0.0,2012
TUV,Tuvalu,32902991.3,0.0,0.0,357.5,0.0,2012
TZA,Tanzania,36021655262.0,0.0,78.10059357,55.41092459,0.0,2012
UGA,Uganda,22929745405.0,41.0,70.19821929999999,181.0632156,0.0,2012
UKR,Ukraine,143789000000.0,24.7,99.97434998,78.70140855,0.0,2012
URY,Uruguay,43862934925.0,39.9,98.39594269,19.40793624,0.0,2012
USA,United States,15567000000000.0,0.0,0.0,34.31286833,0.0,2012
UZB,Uzbekistan,46090376971.0,0.0,0.0,69.99177245,0.0,2012
VCT,St. Vincent and the Grenadines,687747146.5,0.0,0.0,280.32820510000005,0.0,2012
VGB,British Virgin Islands,0.0,0.0,0.0,190.06,0.0,2012
VNM,Vietnam,129629000000.0,35.6,0.0,291.7143903,0.0,2012
VUT,Vanuatu,721824490.4,0.0,0.0,20.30229696,0.0,2012
WSM,Samoa,682940604.6,0.0,0.0,66.85300353,0.0,2012
XKX,Kosovo,6287994768.0,29.0,0.0,165.8124369,0.0,2012
ZAF,South Africa,396257000000.0,0.0,93.72946929999999,43.68860761,0.0,2012
ZMB,Zambia,23018636259.0,0.0,0.0,19.77419255,0.0,2012
ZWE,Zimbabwe,16042473246.0,0.0,0.0,38.02720951,0.0,2012
ABW,Aruba,2541400876.0,0.0,0.0,573.2611111,0.0,2013
AFG,Afghanistan,18960483970.0,0.0,0.0,48.6041234,0.0,2013
AGO,Angola,98778862980.0,0.0,0.0,20.85372584,0.0,2013
ALB,Albania,12528823971.0,0.0,0.0,105.660292,0.0,2013
AND,Andorra,3159158338.0,0.0,0.0,171.8893617,0.0,2013
ARG,Argentina,455143000000.0,41.0,99.12194824,15.54429804,0.0,2013
ARM,Armenia,10736584306.0,30.6,0.0,101.63361429999999,0.0,2013
ASM,American Samoa,537092511.0,0.0,0.0,276.535,0.0,2013
ATG,Antigua and Barbuda,1166866906.0,0.0,0.0,222.3272727,0.0,2013
AUS,Australia,1250080000000.0,0.0,0.0,3.0105735260000004,0.0,2013
AUT,Austria,406195000000.0,30.8,0.0,102.7471302,0.0,2013
AZE,Azerbaijan,57238335961.0,0.0,99.78936005,113.9234754,0.0,2013
BDI,Burundi,2316820972.0,38.6,0.0,373.8390187,0.0,2013
BEL,Belgium,494389000000.0,27.7,0.0,368.5405218,0.0,2013
BEN,Benin,8063258962.0,0.0,0.0,88.72340369,0.0,2013
BFA,Burkina Faso,10783339867.0,0.0,0.0,62.40030336,0.0,2013
BGD,Bangladesh,138597000000.0,0.0,61.01554108,1210.5038949999998,0.0,2013
BGR,Bulgaria,51850006769.0,36.6,0.0,66.92257738,0.0,2013
BHR,Bahrain,28675502255.0,0.0,0.0,1708.3259739999999,0.0,2013
BIH,Bosnia and Herzegovina,17603071037.0,0.0,96.99176788,70.41013672,0.0,2013
BLR,Belarus,63494325276.0,26.6,0.0,46.65166793,0.0,2013
BLZ,Belize,1481371978.0,0.0,0.0,15.08903989,0.0,2013
BMU,Bermuda,5151445060.0,0.0,0.0,1203.722201,0.0,2013
BOL,Bolivia,23208062665.0,47.6,0.0,9.600539094,0.0,2013
BRA,Brazil,2411120000000.0,52.8,91.48423767,24.21694683,0.0,2013
BRB,Barbados,4572907997.0,0.0,0.0,656.9976744,0.0,2013
BTN,Bhutan,1835844374.0,0.0,0.0,20.06876223,0.0,2013
BWA,Botswana,15771004795.0,0.0,0.0,3.755769061,0.0,2013
CAF,Central African Republic,1352054573.0,0.0,0.0,7.222788854,0.0,2013
CAN,Canada,1735100000000.0,34.0,0.0,3.865654736,0.0,2013
CHE,Switzerland,610743000000.0,32.5,0.0,204.7106438,0.0,2013
CHI,Channel Islands,0.0,0.0,0.0,819.0909407,0.0,2013
CHL,Chile,254105000000.0,47.3,96.26705933,23.48652279,0.0,2013
CHN,China,7766510000000.0,39.7,0.0,144.583453,0.0,2013
CMR,Cameroon,29998263825.0,0.0,0.0,45.81184024,0.0,2013
COL,Colombia,333733000000.0,52.8,0.0,42.67055521,0.0,2013
COM,Comoros,1018353552.0,45.3,0.0,398.4416849,0.0,2013
CPV,Cabo Verde,1763128136.0,0.0,0.0,129.0585608,0.0,2013
CRI,Costa Rica,41662949490.0,49.3,0.0,92.17393263,0.0,2013
CUB,Cuba,69996226460.0,0.0,0.0,109.50073880000001,0.0,2013
CYM,Cayman Islands,0.0,0.0,0.0,243.2125,0.0,2013
CYP,Cyprus,23481139073.0,37.0,0.0,123.79826840000001,0.0,2013
CZE,Czech Republic,208464000000.0,26.5,0.0,136.15995859999998,0.0,2013
DEU,Germany,3577010000000.0,31.1,0.0,231.15571260000002,0.0,2013
DJI,Djibouti,0.0,44.1,0.0,38.68369284,0.0,2013
DMA,Dominica,484540472.0,0.0,0.0,96.53333333,0.0,2013
DNK,Denmark,330091000000.0,28.5,0.0,133.7206954,0.0,2013
DOM,Dominican Republic,59975273688.0,47.7,90.85814667,212.81920930000004,0.0,2013
DZA,Algeria,176212000000.0,0.0,0.0,16.0968712,0.0,2013
ECU,Ecuador,83181798259.0,46.9,93.29463196,63.05986069,0.0,2013
ERI,Eritrea,0.0,0.0,0.0,0.0,0.0,2013
ESP,Spain,1352360000000.0,36.2,98.07913208,93.20094559999998,0.0,2013
EST,Estonia,22298647062.0,35.1,0.0,30.31969174,0.0,2013
ETH,Ethiopia,39984181569.0,0.0,0.0,94.887724,0.0,2013
FIN,Finland,248646000000.0,27.2,0.0,17.89783145,0.0,2013
FJI,Fiji,3425841169.0,36.7,0.0,48.15079365,0.0,2013
FRA,France,2724620000000.0,32.5,0.0,120.5329508,0.0,2013
FRO,Faroe Islands,0.0,0.0,0.0,34.91905291,0.0,2013
GAB,Gabon,17096894962.0,0.0,0.0,7.052706951,0.0,2013
GBR,United Kingdom,2581080000000.0,33.2,0.0,265.06934240000004,0.0,2013
GEO,Georgia,13721005572.0,38.6,0.0,66.06249344,0.0,2013
GHA,Ghana,43036976359.0,0.0,0.0,115.7873385,0.0,2013
GIB,Gibraltar,0.0,0.0,0.0,3383.1,0.0,2013
GIN,Guinea,7968018035.0,0.0,0.0,46.95024825,0.0,2013
GNB,Guinea-Bissau,931344271.8,0.0,0.0,59.79711949,0.0,2013
GNQ,Equatorial Guinea,18027861798.0,0.0,0.0,38.63622103,0.0,2013
GRC,Greece,243990000000.0,36.1,0.0,85.06757952,0.0,2013
GRD,Grenada,785994301.6,0.0,0.0,311.4970588,0.0,2013
GRL,Greenland,2482655003.0,0.0,0.0,0.13761237699999998,0.0,2013
GTM,Guatemala,45977273284.0,0.0,77.03867340000001,145.5413774,0.0,2013
GUM,Guam,5091562180.0,0.0,0.0,296.99074069999995,0.0,2013
GUY,Guyana,2643412954.0,0.0,0.0,3.8510591819999997,0.0,2013
HKG,"Hong Kong SAR, China",251280000000.0,0.0,0.0,6837.047619,0.0,2013
HND,Honduras,17604014377.0,52.6,85.4644165,77.37764769,0.0,2013
HRV,Croatia,57981971089.0,32.0,0.0,76.04876698,0.0,2013
HUN,Hungary,133663000000.0,31.5,0.0,109.2795979,0.0,2013
IDN,Indonesia,897262000000.0,39.9,0.0,139.1236679,0.0,2013
IMN,Isle of Man,6512247555.0,0.0,0.0,143.88245609999998,0.0,2013
IND,India,1978420000000.0,0.0,0.0,430.030441,0.0,2013
IRL,Ireland,233906000000.0,33.5,0.0,67.11882712,0.0,2013
IRQ,Iraq,182630000000.0,0.0,43.68328094,78.04874228,0.0,2013
ISL,Iceland,14705681513.0,25.4,0.0,3.229566085,0.0,2013
ISR,Israel,260919000000.0,0.0,0.0,372.43530499999997,0.0,2013
ITA,Italy,2041170000000.0,34.9,0.0,204.77985990000002,0.0,2013
JAM,Jamaica,13412757292.0,0.0,0.0,263.3247461,0.0,2013
JOR,Jordan,28614830798.0,0.0,0.0,94.76756026,0.0,2013
JPN,Japan,5894230000000.0,0.0,0.0,349.5858021,0.0,2013
KAZ,Kazakhstan,176633000000.0,27.1,0.0,6.310164092000001,0.0,2013
KEN,Kenya,46989149335.0,0.0,0.0,78.76242928,0.0,2013
KGZ,Kyrgyz Republic,5629453576.0,28.8,0.0,29.82064651,0.0,2013
KHM,Cambodia,13867654630.0,0.0,0.0,85.10475867,0.0,2013
KIR,Kiribati,173086305.5,0.0,0.0,133.9938272,0.0,2013
KNA,St. Kitts and Nevis,817726686.0,0.0,0.0,204.49615380000003,0.0,2013
KWT,Kuwait,136467000000.0,0.0,95.58582306,201.9295735,0.0,2013
LAO,Lao PDR,8986537875.0,0.0,0.0,28.13932842,0.0,2013
LBN,Lebanon,40914960465.0,0.0,0.0,515.7479961,0.0,2013
LBR,Liberia,2537875669.0,0.0,0.0,44.50052949,0.0,2013
LBY,Libya,54670463262.0,0.0,0.0,3.521357855,0.0,2013
LCA,St. Lucia,1402836982.0,0.0,0.0,287.9672131,0.0,2013
LIE,Liechtenstein,0.0,0.0,0.0,230.2125,0.0,2013
LKA,Sri Lanka,69395808983.0,0.0,0.0,328.2570563,0.0,2013
LSO,Lesotho,2725363040.0,0.0,0.0,69.74179842,0.0,2013
LTU,Lithuania,42300068778.0,35.3,0.0,47.19088951,0.0,2013
LUX,Luxembourg,56358248456.0,32.0,0.0,223.6049383,0.0,2013
LVA,Latvia,26931897162.0,35.5,0.0,32.36287184,0.0,2013
MAC,"Macao SAR, China",41566105563.0,0.0,0.0,19004.65364,0.0,2013
MAF,St. Martin (French part),0.0,0.0,0.0,574.7058824,0.0,2013
MAR,Morocco,105643000000.0,39.5,0.0,75.78930988,0.0,2013
MCO,Monaco,6353509934.0,0.0,0.0,18985.5,0.0,2013
MDA,Moldova,6742700074.0,28.5,0.0,123.9184455,0.0,2013
MDG,Madagascar,9330835549.0,0.0,0.0,39.46570299,0.0,2013
MDV,Maldives,3090375229.0,0.0,0.0,1324.656667,0.0,2013
MEX,Mexico,1151880000000.0,0.0,93.96285248,63.03452712,0.0,2013
MHL,Marshall Islands,177673015.8,0.0,0.0,293.2944444,0.0,2013
MKD,North Macedonia,9863680783.0,36.2,0.0,82.30527359,0.0,2013
MLI,Mali,11184422458.0,0.0,0.0,13.50430507,0.0,2013
MLT,Malta,9516423841.0,28.8,0.0,1331.146875,0.0,2013
MMR,Myanmar,60877582017.0,0.0,0.0,78.77778526,0.0,2013
MNE,Montenegro,4301782663.0,32.4,0.0,46.18639405,0.0,2013
MNG,Mongolia,10574804943.0,0.0,0.0,1.846795103,0.0,2013
MNP,Northern Mariana Islands,759347394.5,0.0,0.0,117.4695652,0.0,2013
MOZ,Mozambique,12492636711.0,0.0,0.0,33.61526488,0.0,2013
MRT,Mauritania,5097686760.0,0.0,0.0,3.8286310269999997,0.0,2013
MUS,Mauritius,11137661607.0,0.0,91.49002838,620.0261084,0.0,2013
MWI,Malawi,7821721991.0,0.0,0.0,175.8288821,0.0,2013
MYS,Malaysia,296507000000.0,41.3,0.0,90.4176655,0.0,2013
NAM,Namibia,13156162589.0,0.0,0.0,2.813735136,0.0,2013
NCL,New Caledonia,0.0,0.0,0.0,14.42286652,0.0,2013
NER,Niger,6887022187.0,0.0,0.0,14.54675298,0.0,2013
NGA,Nigeria,425440000000.0,0.0,0.0,188.66377130000004,0.0,2013
NIC,Nicaragua,10405398732.0,0.0,0.0,49.40790261,0.0,2013
NLD,Netherlands,849721000000.0,28.1,0.0,498.79584450000004,0.0,2013
NOR,Norway,449743000000.0,26.4,0.0,13.91208686,0.0,2013
NPL,Nepal,18057549556.0,0.0,0.0,195.22364840000003,0.0,2013
NRU,Nauru,81268829.18,0.0,0.0,541.05,0.0,2013
NZL,New Zealand,157412000000.0,0.0,0.0,16.87022901,0.0,2013
OMN,Oman,66176853056.0,0.0,0.0,11.99186107,0.0,2013
PAK,Pakistan,196970000000.0,30.7,55.59498978,235.7209877,0.0,2013
PAN,Panama,38459234341.0,51.5,0.0,51.6338714,0.0,2013
PER,Peru,176238000000.0,43.9,0.0,23.87946563,0.0,2013
PHL,Philippines,236316000000.0,0.0,96.39800262,330.28484419999995,0.0,2013
PLW,Palau,195444962.6,0.0,99.50312805,45.47826087,0.0,2013
PNG,Papua New Guinea,15655783399.0,0.0,0.0,16.76647308,0.0,2013
POL,Poland,518514000000.0,32.5,0.0,124.2291107,0.0,2013
PRI,Puerto Rico,97756424655.0,0.0,0.0,405.0819617,0.0,2013
PRT,Portugal,221988000000.0,36.2,0.0,114.1561345,0.0,2013
PRY,Paraguay,30595001138.0,47.9,95.05903625,16.27420086,0.0,2013
PSE,West Bank and Gaza,10885328831.0,0.0,96.28489685,692.6089701000001,0.0,2013
PYF,French Polynesia,0.0,0.0,0.0,74.73442623,0.0,2013
QAT,Qatar,155056000000.0,0.0,90.63298798,193.8391904,0.0,2013
ROU,Romania,179167000000.0,36.9,0.0,86.87429031,0.0,2013
RWA,Rwanda,7090466089.0,45.1,0.0,448.526591,0.0,2013
SAU,Saudi Arabia,628984000000.0,0.0,94.4263382,13.92967172,0.0,2013
SDN,Sudan,67520612417.0,0.0,0.0,21.03068392,0.0,2013
SEN,Senegal,17781477664.0,0.0,42.81750107,73.34088194,0.0,2013
SGP,Singapore,275079000000.0,0.0,96.54808044,7636.721687,0.0,2013
SLB,Solomon Islands,830485620.4,37.1,0.0,20.13265452,0.0,2013
SLE,Sierra Leone,3810919876.0,0.0,32.42617035,95.90023552,0.0,2013
SLV,El Salvador,20157726890.0,43.4,86.76757813,301.6784266,0.0,2013
SMR,San Marino,1736604063.0,0.0,0.0,538.3833333,0.0,2013
SOM,Somalia,0.0,0.0,0.0,20.93338381,0.0,2013
SRB,Serbia,40625727368.0,29.0,0.0,81.91324034,0.0,2013
SSD,South Sudan,0.0,0.0,0.0,0.0,0.0,2013
SUR,Suriname,4887713258.0,0.0,0.0,3.477820513,0.0,2013
SVK,Slovak Republic,94943598803.0,28.1,0.0,112.5726422,0.0,2013
SVN,Slovenia,46502839741.0,26.2,0.0,102.2816783,0.0,2013
SWE,Sweden,506708000000.0,28.8,0.0,23.56846615,0.0,2013
SWZ,Eswatini,5057821995.0,0.0,0.0,73.92186047,0.0,2013
SXM,Sint Maarten (Dutch part),0.0,0.0,0.0,1076.676471,0.0,2013
SYC,Seychelles,1123401382.0,46.8,0.0,195.5413043,0.0,2013
TCA,Turks and Caicos Islands,0.0,0.0,0.0,34.85052632,0.0,2013
TCD,Chad,12275999076.0,0.0,0.0,10.43010562,0.0,2013
TGO,Togo,4121139759.0,0.0,0.0,129.48975910000001,0.0,2013
THA,Thailand,378796000000.0,37.8,93.70207214,133.3810899,0.0,2013
TJK,Tajikistan,6995373534.0,0.0,0.0,58.4296156,0.0,2013
TKM,Turkmenistan,31713468423.0,0.0,0.0,11.41931139,0.0,2013
TLS,Timor-Leste,4177660767.0,0.0,0.0,79.64801614,0.0,2013
TON,Tonga,371200315.8,0.0,0.0,146.2888889,0.0,2013
TTO,Trinidad and Tobago,22597392289.0,0.0,0.0,262.8163743,0.0,2013
TUN,Tunisia,46225723068.0,0.0,0.0,70.89700051,0.0,2013
TUR,Turkey,975087000000.0,40.2,95.25666046,98.47242571,0.0,2013
TUV,Tuvalu,34408843.31,0.0,0.0,360.6333333,0.0,2013
TZA,Tanzania,38464494648.0,0.0,0.0,57.16481711,0.0,2013
UGA,Uganda,23752213779.0,0.0,0.0,187.2816976,0.0,2013
UKR,Ukraine,143751000000.0,24.6,0.0,78.52240558,0.0,2013
URY,Uruguay,45897095482.0,40.5,98.36386871,19.4720889,0.0,2013
USA,United States,15853800000000.0,41.0,0.0,34.551570500000004,0.0,2013
UZB,Uzbekistan,49777607129.0,0.0,99.99485779,71.093559,0.0,2013
VCT,St. Vincent and the Grenadines,700354717.0,0.0,0.0,280.3076923,0.0,2013
VGB,British Virgin Islands,0.0,0.0,0.0,193.7066667,0.0,2013
VNM,Vietnam,136658000000.0,0.0,0.0,295.087319,0.0,2013
VUT,Vanuatu,736038269.0,0.0,0.0,20.76636587,0.0,2013
WSM,Samoa,669733497.9,38.7,0.0,67.40530035,0.0,2013
XKX,Kosovo,6503750331.0,26.3,0.0,167.5484523,0.0,2013
ZAF,South Africa,406105000000.0,0.0,0.0,44.322676799999996,0.0,2013
ZMB,Zambia,24183235705.0,0.0,0.0,20.38393037,0.0,2013
ZWE,Zimbabwe,16361637090.0,0.0,0.0,38.91561587,0.0,2013
ABW,Aruba,2562957745.0,0.0,0.0,576.6388889,0.0,2014
AFG,Afghanistan,19477070578.0,0.0,0.0,50.17617866,0.0,2014
AGO,Angola,103543000000.0,0.0,66.03011322,21.59337932,0.0,2014
ALB,Albania,12750584155.0,0.0,0.0,105.44175179999999,0.0,2014
AND,Andorra,3231113955.0,0.0,0.0,168.55957450000002,0.0,2014
ARG,Argentina,443707000000.0,41.4,98.99388885,15.7056572,0.0,2014
ARM,Armenia,11123101341.0,31.5,0.0,102.0800843,0.0,2014
ASM,American Samoa,542167400.9,0.0,0.0,277.185,0.0,2014
ATG,Antigua and Barbuda,1221221065.0,0.0,0.0,224.7159091,0.0,2014
AUS,Australia,1282060000000.0,35.8,0.0,3.055814795,0.0,2014
AUT,Austria,408881000000.0,30.5,0.0,103.56332420000001,0.0,2014
AZE,Azerbaijan,58383102680.0,0.0,99.78898621,115.34881659999999,0.0,2014
BDI,Burundi,2415069278.0,0.0,61.56972885,385.19431460000004,0.0,2014
BEL,Belgium,500592000000.0,28.1,0.0,370.180218,0.0,2014
BEN,Benin,8575423620.0,0.0,0.0,91.22660518,0.0,2014
BFA,Burkina Faso,11249917445.0,35.3,34.59939957,64.27623173,0.0,2014
BGD,Bangladesh,146997000000.0,0.0,61.09329987,1224.593063,0.0,2014
BGR,Bulgaria,52802761608.0,37.4,0.0,66.54327561,0.0,2014
BHR,Bahrain,29922841391.0,0.0,0.0,1733.329477,0.0,2014
BIH,Bosnia and Herzegovina,17805439832.0,0.0,0.0,69.64847656,0.0,2014
BLR,Belarus,64590481691.0,27.2,0.0,46.67867468,0.0,2014
BLZ,Belize,1536069734.0,0.0,0.0,15.41841298,0.0,2014
BMU,Bermuda,0.0,0.0,0.0,1206.277756,0.0,2014
BOL,Bolivia,24475355115.0,47.8,0.0,9.74998523,0.0,2014
BRA,Brazil,2423270000000.0,51.5,91.72943115,24.43284427,0.0,2014
BRB,Barbados,4573735074.0,0.0,99.59999847,659.0348837,0.0,2014
BTN,Bhutan,1941321989.0,0.0,0.0,20.37012383,0.0,2014
BWA,Botswana,16425383651.0,0.0,87.69999695,3.8264658660000004,0.0,2014
CAF,Central African Republic,1366116185.0,0.0,0.0,7.248052907000001,0.0,2014
CAN,Canada,1784650000000.0,0.0,0.0,3.907770267,0.0,2014
CHE,Switzerland,625702000000.0,32.5,0.0,207.2236258,0.0,2014
CHI,Channel Islands,0.0,0.0,0.0,823.0757892999999,0.0,2014
CHL,Chile,258594000000.0,0.0,0.0,23.68936005,0.0,2014
CHN,China,8333290000000.0,39.1,0.0,145.3173521,0.0,2014
CMR,Cameroon,31763379465.0,46.6,0.0,47.04766982,0.0,2014
COL,Colombia,349512000000.0,52.7,94.18624878,43.07517891,0.0,2014
COM,Comoros,1039739042.0,0.0,0.0,408.0521091,0.0,2014
CPV,Cabo Verde,1773904599.0,0.0,0.0,130.6295285,0.0,2014
CRI,Costa Rica,43127543221.0,48.6,0.0,93.1761653,0.0,2014
CUB,Cuba,70729490571.0,0.0,0.0,109.97661029999999,0.0,2014
CYM,Cayman Islands,0.0,0.0,0.0,246.55,0.0,2014
CYP,Cyprus,23173192053.0,35.6,0.0,124.7087662,0.0,2014
CZE,Czech Republic,214124000000.0,25.9,0.0,136.30338,0.0,2014
DEU,Germany,3654920000000.0,0.0,0.0,232.1080539,0.0,2014
DJI,Djibouti,0.0,0.0,0.0,39.35133736,0.0,2014
DMA,Dominica,505806447.8,0.0,0.0,97.03733333,0.0,2014
DNK,Denmark,335436000000.0,28.4,0.0,134.4004525,0.0,2014
DOM,Dominican Republic,64555004674.0,44.3,91.76376343,215.39730899999998,0.0,2014
DZA,Algeria,182889000000.0,0.0,0.0,16.42215901,0.0,2014
ECU,Ecuador,86333447252.0,45.0,94.22264099,64.03250121,0.0,2014
ERI,Eritrea,0.0,0.0,0.0,0.0,0.0,2014
ESP,Spain,1371020000000.0,36.1,98.09371948,92.92273645,0.0,2014
EST,Estonia,22942757718.0,34.6,0.0,30.24028065,0.0,2014
ETH,Ethiopia,44085556179.0,0.0,0.0,97.36677399999999,0.0,2014
FIN,Finland,247075000000.0,26.8,0.0,17.97200303,0.0,2014
FJI,Fiji,3617808676.0,0.0,0.0,48.48418172,0.0,2014
FRA,France,2750680000000.0,32.3,0.0,121.1126749,0.0,2014
FRO,Faroe Islands,0.0,0.0,0.0,34.98710449,0.0,2014
GAB,Gabon,17834619900.0,0.0,0.0,7.279516436000001,0.0,2014
GBR,United Kingdom,2657160000000.0,34.0,0.0,267.0737817,0.0,2014
GEO,Georgia,14355373148.0,37.6,99.58618927,65.20522062,0.0,2014
GHA,Ghana,44283946426.0,0.0,0.0,118.495926,0.0,2014
GIB,Gibraltar,0.0,0.0,0.0,3403.8,0.0,2014
GIN,Guinea,8263428449.0,0.0,32.00386047,48.04455885,0.0,2014
GNB,Guinea-Bissau,940327653.1,0.0,45.5811615,61.37069701,0.0,2014
GNQ,Equatorial Guinea,18102689377.0,0.0,95.0,40.26467023,0.0,2014
GRC,Greece,245795000000.0,35.8,0.0,84.50281614,0.0,2014
GRD,Grenada,843718324.6,0.0,98.59999847,312.8235294,0.0,2014
GRL,Greenland,2614551662.0,0.0,0.0,0.137154343,0.0,2014
GTM,Guatemala,47896442436.0,48.3,81.2858963,148.59610859999998,0.0,2014
GUM,Guam,5179814587.0,0.0,0.0,298.087037,0.0,2014
GUY,Guyana,2745103039.0,0.0,85.63973236,3.8780441960000003,0.0,2014
HKG,"Hong Kong SAR, China",258221000000.0,0.0,0.0,6885.238095000001,0.0,2014
HND,Honduras,18142359319.0,50.4,87.19753265,78.73103941,0.0,2014
HRV,Croatia,57931229124.0,32.1,0.0,75.73961758,0.0,2014
HUN,Hungary,139309000000.0,30.9,99.09999847,108.98561799999999,0.0,2014
IDN,Indonesia,942185000000.0,39.4,95.11621857,140.8342576,0.0,2014
IMN,Isle of Man,6837859933.0,0.0,0.0,144.8947368,0.0,2014
IND,India,2125020000000.0,0.0,0.0,435.17544929999997,0.0,2014
IRL,Ireland,254491000000.0,31.9,0.0,67.61126433,0.0,2014
IRQ,Iraq,183909000000.0,0.0,0.0,80.63538719,0.0,2014
ISL,Iceland,15011601923.0,27.8,0.0,3.2656957610000004,0.0,2014
ISR,Israel,271090000000.0,39.8,0.0,379.65341960000006,0.0,2014
ITA,Italy,2043490000000.0,34.7,0.0,206.66736930000002,0.0,2014
JAM,Jamaica,13505052829.0,0.0,88.09999847,264.2739612,0.0,2014
JOR,Jordan,29500840468.0,0.0,0.0,99.22624465,0.0,2014
JPN,Japan,5916320000000.0,0.0,0.0,349.1222295,0.0,2014
KAZ,Kazakhstan,184052000000.0,27.0,0.0,6.40378005,0.0,2014
KEN,Kenya,49506419900.0,0.0,78.73303986,80.86630706,0.0,2014
KGZ,Kyrgyz Republic,5855984963.0,26.8,0.0,30.42492179,0.0,2014
KHM,Cambodia,14858161722.0,0.0,78.05509186,86.5102538,0.0,2014
KIR,Kiribati,171878460.6,0.0,0.0,136.36790119999998,0.0,2014
KNA,St. Kitts and Nevis,867244758.7,0.0,0.0,206.6884615,0.0,2014
KWT,Kuwait,137150000000.0,0.0,0.0,212.2586981,0.0,2014
LAO,Lao PDR,9670589853.0,0.0,0.0,28.49392114,0.0,2014
LBN,Lebanon,41720605030.0,0.0,0.0,547.7301075,0.0,2014
LBR,Liberia,2555669829.0,33.2,0.0,45.5848941,0.0,2014
LBY,Libya,41549552060.0,0.0,0.0,3.525982927,0.0,2014
LCA,St. Lucia,1452818988.0,0.0,0.0,289.2147541,0.0,2014
LIE,Liechtenstein,0.0,0.0,0.0,232.04375,0.0,2014
LKA,Sri Lanka,72838327290.0,0.0,0.0,331.33471539999994,0.0,2014
LSO,Lesotho,2810441002.0,0.0,76.6352005,70.67803029999999,0.0,2014
LTU,Lithuania,43796470015.0,37.7,0.0,46.80553871,0.0,2014
LUX,Luxembourg,58779842025.0,31.2,0.0,228.93786009999997,0.0,2014
LVA,Latvia,27432357432.0,35.1,0.0,32.06468318,0.0,2014
MAC,"Macao SAR, China",41066849519.0,0.0,0.0,19431.71636,0.0,2014
MAF,St. Martin (French part),0.0,0.0,0.0,579.5955882000001,0.0,2014
MAR,Morocco,108463000000.0,0.0,0.0,76.89464934,0.0,2014
MCO,Monaco,6809668874.0,0.0,0.0,19066.0,0.0,2014
MDA,Moldova,7066349660.0,26.8,0.0,123.8860557,0.0,2014
MDG,Madagascar,9640232448.0,0.0,0.0,40.54623754,0.0,2014
MDV,Maldives,3316887569.0,0.0,98.61012268,1360.823333,0.0,2014
MEX,Mexico,1184180000000.0,45.8,94.55587769,63.90164356,0.0,2014
MHL,Marshall Islands,176328132.6,0.0,0.0,293.8777778,0.0,2014
MKD,North Macedonia,10221697015.0,35.2,97.80000305,82.37490087,0.0,2014
MLI,Mali,11972181171.0,0.0,0.0,13.9018071,0.0,2014
MLT,Malta,10288609272.0,29.0,0.0,1357.99375,0.0,2014
MMR,Myanmar,65742258214.0,0.0,0.0,79.50661787,0.0,2014
MNE,Montenegro,4379214751.0,31.9,0.0,46.23122677,0.0,2014
MNG,Mongolia,11408652157.0,32.0,0.0,1.882061845,0.0,2014
MNP,Northern Mariana Islands,788095533.5,0.0,0.0,118.4086957,0.0,2014
MOZ,Mozambique,13422597263.0,54.0,0.0,34.60462118,0.0,2014
MRT,Mauritania,5382114429.0,32.6,0.0,3.942873775,0.0,2014
MUS,Mauritius,11554745827.0,0.0,92.47476196,621.1497537,0.0,2014
MWI,Malawi,8267560145.0,0.0,65.14537048,181.04410269999997,0.0,2014
MYS,Malaysia,314318000000.0,0.0,0.0,92.00431289,0.0,2014
NAM,Namibia,13991799669.0,0.0,0.0,2.879898942,0.0,2014
NCL,New Caledonia,0.0,0.0,97.80000305,14.66356674,0.0,2014
NER,Niger,7405549054.0,34.3,0.0,15.11661719,0.0,2014
NGA,Nigeria,452285000000.0,0.0,0.0,193.74869840000002,0.0,2014
NIC,Nicaragua,10903344947.0,46.2,0.0,49.9750457,0.0,2014
NLD,Netherlands,861816000000.0,28.6,0.0,500.5938853999999,0.0,2014
NOR,Norway,458626000000.0,26.8,0.0,14.06986657,0.0,2014
NPL,Nepal,19139013429.0,0.0,0.0,197.5810324,0.0,2014
NRU,Nauru,110951536.1,0.0,0.0,592.65,0.0,2014
NZL,New Zealand,162992000000.0,0.0,0.0,17.12696062,0.0,2014
OMN,Oman,67997399220.0,0.0,91.98120117,12.79781906,0.0,2014
PAK,Pakistan,206178000000.0,0.0,56.97714996,240.694086,0.0,2014
PAN,Panama,40407814957.0,50.5,0.0,52.51528114,0.0,2014
PER,Peru,180426000000.0,43.2,93.70794678,24.19793281,0.0,2014
PHL,Philippines,250838000000.0,0.0,0.0,335.72206789999996,0.0,2014
PLW,Palau,204777169.9,0.0,0.0,45.85652174,0.0,2014
PNG,Papua New Guinea,18070132678.0,0.0,0.0,17.12623106,0.0,2014
POL,Poland,535721000000.0,32.1,0.0,124.1442732,0.0,2014
PRI,Puerto Rico,96592767902.0,0.0,0.0,398.52018039999996,0.0,2014
PRT,Portugal,223971000000.0,35.6,0.0,113.5417757,0.0,2014
PRY,Paraguay,32082190602.0,50.7,94.61672211,16.49278631,0.0,2014
PSE,West Bank and Gaza,10865529383.0,0.0,96.4283905,713.4023256,0.0,2014
PYF,French Polynesia,0.0,0.0,0.0,75.26885246,0.0,2014
QAT,Qatar,161226000000.0,0.0,91.3272171,204.5149871,0.0,2014
ROU,Romania,185278000000.0,36.0,0.0,86.53068063,0.0,2014
RWA,Rwanda,7631084047.0,0.0,70.80413055,459.88475880000004,0.0,2014
SAU,Saudi Arabia,651958000000.0,0.0,0.0,14.3168187,0.0,2014
SDN,Sudan,69329767682.0,0.0,0.0,21.57468771,0.0,2014
SEN,Senegal,18957455708.0,0.0,0.0,75.55243858,0.0,2014
SGP,Singapore,285763000000.0,0.0,96.71665955,7714.702232,0.0,2014
SLB,Solomon Islands,849172302.1,0.0,0.0,20.56105752,0.0,2014
SLE,Sierra Leone,3984574820.0,0.0,0.0,98.07650319,0.0,2014
SLV,El Salvador,20556700057.0,41.6,0.0,303.1461873,0.0,2014
SMR,San Marino,1720974627.0,0.0,0.0,544.2833333,0.0,2014
SOM,Somalia,0.0,0.0,0.0,21.54035292,0.0,2014
SRB,Serbia,39881747973.0,0.0,0.0,81.5295678,0.0,2014
SSD,South Sudan,0.0,0.0,0.0,0.0,0.0,2014
SUR,Suriname,4900201616.0,0.0,0.0,3.5123589739999996,0.0,2014
SVK,Slovak Republic,97554865847.0,26.1,0.0,112.70068640000001,0.0,2014
SVN,Slovenia,47888250500.0,25.7,99.69999695,102.38232370000001,0.0,2014
SWE,Sweden,519892000000.0,28.4,0.0,23.80523434,0.0,2014
SWZ,Eswatini,5155489045.0,0.0,0.0,75.29633721,0.0,2014
SXM,Sint Maarten (Dutch part),0.0,0.0,0.0,1108.382353,0.0,2014
SYC,Seychelles,1174008204.0,0.0,0.0,198.6065217,0.0,2014
TCA,Turks and Caicos Islands,0.0,0.0,0.0,35.51473684,0.0,2014
TCD,Chad,13123041176.0,0.0,0.0,10.77623729,0.0,2014
TGO,Togo,4365135489.0,0.0,0.0,132.9088987,0.0,2014
THA,Thailand,382525000000.0,37.0,0.0,133.9168353,0.0,2014
TJK,Tajikistan,7464481118.0,0.0,99.80000305,60.25640364,0.0,2014
TKM,Turkmenistan,34979955661.0,0.0,99.69999695,11.63203243,0.0,2014
TLS,Timor-Leste,3089457608.0,28.7,0.0,81.56112979,0.0,2014
TON,Tonga,378893840.5,0.0,0.0,146.9194444,0.0,2014
TTO,Trinidad and Tobago,22540410080.0,0.0,0.0,264.0337232,0.0,2014
TUN,Tunisia,47599273439.0,0.0,79.03643036,71.7295829,0.0,2014
TUR,Turkey,1025470000000.0,41.2,95.43962859999999,100.0878708,0.0,2014
TUV,Tuvalu,34872648.32,0.0,0.0,363.6,0.0,2014
TZA,Tanzania,41054102083.0,0.0,0.0,58.96914541,0.0,2014
UGA,Uganda,24965074811.0,0.0,0.0,193.6631658,0.0,2014
UKR,Ukraine,134331000000.0,24.0,0.0,78.15074833,0.0,2014
URY,Uruguay,47383606579.0,40.1,98.43592834,19.53802994,0.0,2014
USA,United States,16242500000000.0,0.0,0.0,34.80614436,0.0,2014
UZB,Uzbekistan,53656538301.0,0.0,99.98055267,72.30300893,0.0,2014
VCT,St. Vincent and the Grenadines,708854724.0,0.0,0.0,280.4025641,0.0,2014
VGB,British Virgin Islands,0.0,0.0,0.0,197.2533333,0.0,2014
VNM,Vietnam,144835000000.0,34.8,0.0,298.4645886,0.0,2014
VUT,Vanuatu,753195366.8,0.0,84.69999695,21.23461854,0.0,2014
WSM,Samoa,679088037.7,0.0,0.0,67.94699647,0.0,2014
XKX,Kosovo,6581669876.0,27.3,0.0,167.33719109999998,0.0,2014
ZAF,South Africa,413606000000.0,63.0,94.13990021,44.95921242,0.0,2014
ZMB,Zambia,25318838465.0,0.0,0.0,21.01316133,0.0,2014
ZWE,Zimbabwe,16750541640.0,0.0,88.69342041,39.83889104,0.0,2014
ABW,Aruba,2546020205.0,0.0,0.0,582.3444444,0.0,2016
AFG,Afghanistan,20206376461.0,0.0,0.0,53.08340532,0.0,2016
AGO,Angola,101823000000.0,0.0,0.0,23.11178551,0.0,2016
ALB,Albania,13470274302.0,0.0,0.0,104.9671898,0.0,2016
AND,Andorra,3319880351.0,0.0,0.0,164.4276596,0.0,2016
ARG,Argentina,447518000000.0,42.4,99.12500763,16.0220668,0.0,2016
ARM,Armenia,11501998665.0,32.5,0.0,102.73326309999999,0.0,2016
ASM,American Samoa,534555066.1,0.0,0.0,277.995,0.0,2016
ATG,Antigua and Barbuda,1341395404.0,0.0,0.0,229.4613636,0.0,2016
AUS,Australia,1349300000000.0,0.0,0.0,3.1449355310000002,0.0,2016
AUT,Austria,421989000000.0,0.0,0.0,105.86949340000001,0.0,2016
AZE,Azerbaijan,57195531762.0,0.0,99.79006195,118.033289,0.0,2016
BDI,Burundi,2306955749.0,0.0,0.0,409.81764019999997,0.0,2016
BEL,Belgium,516766000000.0,0.0,0.0,374.22133419999994,0.0,2016
BEN,Benin,9102277423.0,0.0,0.0,96.41981199,0.0,2016
BFA,Burkina Faso,12381635617.0,0.0,0.0,68.15216740000001,0.0,2016
BGD,Bangladesh,167771000000.0,32.4,72.7587204,1251.8365210000002,0.0,2016
BGR,Bulgaria,56786516854.0,0.0,0.0,65.65790346,0.0,2016
BHR,Bahrain,31847546847.0,0.0,94.88999939,1831.8392600000002,0.0,2016
BIH,Bosnia and Herzegovina,18930321663.0,0.0,0.0,68.6878125,0.0,2016
BLR,Belarus,60547592313.0,25.3,0.0,46.8083514,0.0,2016
BLZ,Belize,1579444444.0,0.0,0.0,16.0874178,0.0,2016
BMU,Bermuda,0.0,0.0,0.0,1210.018497,0.0,2016
BOL,Bolivia,26758468587.0,44.6,0.0,10.05066187,0.0,2016
BRA,Brazil,2260090000000.0,53.7,0.0,24.84438703,0.0,2016
BRB,Barbados,4707721526.0,0.0,0.0,662.7813953,0.0,2016
BTN,Bhutan,2236397091.0,0.0,0.0,20.91456115,0.0,2016
BWA,Botswana,16843290880.0,0.0,0.0,3.9706032860000002,0.0,2016
CAF,Central African Republic,1496562092.0,0.0,0.0,7.375230343999999,0.0,2016
CAN,Canada,1828000000000.0,0.0,0.0,3.987965483,0.0,2016
CHE,Switzerland,644197000000.0,0.0,0.0,211.8974034,0.0,2016
CHI,Channel Islands,0.0,0.0,0.0,831.0151835,0.0,2016
CHL,Chile,267904000000.0,0.0,0.0,24.08740074,0.0,2016
CHN,China,9505160000000.0,0.0,0.0,146.85067759999998,0.0,2016
CMR,Cameroon,35118434874.0,0.0,0.0,49.58471156,0.0,2016
COL,Colombia,366906000000.0,50.8,94.65384674,43.85166201,0.0,2016
COM,Comoros,1074177606.0,0.0,0.0,427.5126136,0.0,2016
CPV,Cabo Verde,1876082144.0,0.0,0.0,133.8858561,0.0,2016
CRI,Costa Rica,46591514831.0,48.7,0.0,95.12875049,0.0,2016
CUB,Cuba,74248073998.0,0.0,0.0,110.3247645,0.0,2016
CYM,Cayman Islands,0.0,0.0,0.0,253.1875,0.0,2016
CYP,Cyprus,24764940397.0,0.0,0.0,126.6369048,0.0,2016
CZE,Czech Republic,231018000000.0,0.0,0.0,136.8341362,0.0,2016
DEU,Germany,3801860000000.0,0.0,0.0,235.71292940000004,0.0,2016
DJI,Djibouti,0.0,0.0,0.0,40.65284728,0.0,2016
DMA,Dominica,505337165.4,0.0,0.0,98.05733333,0.0,2016
DNK,Denmark,351532000000.0,0.0,0.0,136.4136699,0.0,2016
DOM,Dominican Republic,73664129265.0,45.7,93.77845764,220.4262265,0.0,2016
DZA,Algeria,196035000000.0,0.0,0.0,17.04890206,0.0,2016
ECU,Ecuador,85358980970.0,45.0,94.35022736,65.97305524,0.0,2016
ERI,Eritrea,0.0,0.0,0.0,0.0,0.0,2016
ESP,Spain,1466070000000.0,0.0,98.25051117,93.04827901,0.0,2016
EST,Estonia,24194442664.0,0.0,0.0,30.2689211,0.0,2016
ETH,Ethiopia,52347226227.0,0.0,0.0,102.403196,0.0,2016
FIN,Finland,255195000000.0,0.0,0.0,18.08200783,0.0,2016
FJI,Fiji,3771168286.0,0.0,0.0,49.19321292,0.0,2016
FRA,France,2813860000000.0,0.0,0.0,122.10558710000001,0.0,2016
FRO,Faroe Islands,0.0,0.0,0.0,35.18409588,0.0,2016
GAB,Gabon,18913875956.0,0.0,0.0,7.683416772999999,0.0,2016
GBR,United Kingdom,2768240000000.0,0.0,0.0,271.134481,0.0,2016
GEO,Georgia,15189614371.0,36.6,0.0,65.07050632,0.0,2016
GHA,Ghana,46808618405.0,43.5,0.0,123.9638217,0.0,2016
GIB,Gibraltar,0.0,0.0,0.0,3440.8,0.0,2016
GIN,Guinea,9475497772.0,0.0,0.0,50.44735471,0.0,2016
GNB,Guinea-Bissau,1060511441.0,0.0,0.0,64.56963016,0.0,2016
GNQ,Equatorial Guinea,15049397650.0,0.0,0.0,43.54688057,0.0,2016
GRC,Greece,244251000000.0,0.0,0.0,83.5994647,0.0,2016
GRD,Grenada,931629123.9,0.0,0.0,315.6382353,0.0,2016
GRL,Greenland,2823634004.0,0.0,0.0,0.136888781,0.0,2016
GTM,Guatemala,51421887414.0,0.0,0.0,154.74495149999998,0.0,2016
GUM,Guam,5221935054.0,0.0,0.0,301.65925930000003,0.0,2016
GUY,Guyana,2925824401.0,0.0,0.0,3.928387097,0.0,2016
HKG,"Hong Kong SAR, China",270105000000.0,0.0,0.0,6987.238095000001,0.0,2016
HND,Honduras,19545909275.0,50.0,88.98748016,81.44487443,0.0,2016
HRV,Croatia,61419621504.0,0.0,0.0,74.59522873,0.0,2016
HUN,Hungary,147526000000.0,0.0,0.0,108.40630729999998,0.0,2016
IDN,Indonesia,1037860000000.0,38.6,95.37696838,144.1376574,0.0,2016
IMN,Isle of Man,7277766814.0,0.0,0.0,146.9070175,0.0,2016
IND,India,2482430000000.0,0.0,0.0,445.3705797,0.0,2016
IRL,Ireland,334294000000.0,0.0,0.0,69.0279431,0.0,2016
IRQ,Iraq,213012000000.0,0.0,0.0,85.69493636,0.0,2016
ISL,Iceland,16835179721.0,0.0,0.0,3.3460249380000002,0.0,2016
ISR,Israel,289193000000.0,38.9,0.0,394.9168207,0.0,2016
ITA,Italy,2085990000000.0,0.0,0.0,206.1178282,0.0,2016
JAM,Jamaica,13815398566.0,0.0,0.0,266.0530933,0.0,2016
JOR,Jordan,30811666897.0,0.0,0.0,106.50824509999998,0.0,2016
JPN,Japan,6052670000000.0,0.0,0.0,348.350096,0.0,2016
KAZ,Kazakhstan,188309000000.0,27.2,0.0,6.591123088,0.0,2016
KEN,Kenya,55409227068.0,0.0,0.0,85.14876305,0.0,2016
KGZ,Kyrgyz Republic,6346700788.0,26.8,0.0,31.69708029,0.0,2016
KHM,Cambodia,16995073301.0,0.0,0.0,89.29509404,0.0,2016
KIR,Kiribati,199497490.0,0.0,0.0,141.2283951,0.0,2016
KNA,St. Kitts and Nevis,906391441.9,0.0,0.0,210.85,0.0,2016
KWT,Kuwait,142857000000.0,0.0,0.0,227.4177329,0.0,2016
LAO,Lao PDR,11102149875.0,0.0,0.0,29.28229203,0.0,2016
LBN,Lebanon,42550138576.0,0.0,0.0,587.1620723,0.0,2016
LBR,Liberia,2514789742.0,35.3,0.0,47.90098629999999,0.0,2016
LBY,Libya,36808842613.0,0.0,0.0,3.576646737,0.0,2016
LCA,St. Lucia,1487669434.0,51.2,0.0,291.8278689,0.0,2016
LIE,Liechtenstein,0.0,0.0,0.0,235.4125,0.0,2016
LKA,Sri Lanka,79903861972.0,39.8,92.38690186,338.11194389999997,0.0,2016
LSO,Lesotho,2980011719.0,0.0,0.0,72.58962451,0.0,2016
LTU,Lithuania,45732868896.0,0.0,0.0,45.78766499,0.0,2016
LUX,Luxembourg,62554580195.0,0.0,0.0,239.51193419999998,0.0,2016
LVA,Latvia,28830703315.0,0.0,0.0,31.51394339,0.0,2016
MAC,"Macao SAR, China",31920753720.0,0.0,96.53849029999999,20137.07262,0.0,2016
MAF,St. Martin (French part),0.0,0.0,0.0,587.2977941,0.0,2016
MAR,Morocco,114660000000.0,0.0,0.0,79.04276496,0.0,2016
MCO,Monaco,7375894040.0,0.0,0.0,19249.5,0.0,2016
MDA,Moldova,7354798041.0,26.3,0.0,123.73128510000001,0.0,2016
MDG,Madagascar,10356200861.0,0.0,0.0,42.78884668,0.0,2016
MDV,Maldives,3661313683.0,0.0,0.0,1425.853333,0.0,2016
MEX,Mexico,1258560000000.0,43.4,94.85961914,65.60890095,0.0,2016
MHL,Marshall Islands,179041793.9,0.0,0.0,294.8111111,0.0,2016
MKD,North Macedonia,10918190833.0,0.0,0.0,82.522046,0.0,2016
MLI,Mali,13421822111.0,0.0,0.0,14.74756964,0.0,2016
MLT,Malta,11868476821.0,0.0,0.0,1422.9875,0.0,2016
MMR,Myanmar,74463144018.0,0.0,75.55120087,80.9781696,0.0,2016
MNE,Montenegro,4659423186.0,0.0,0.0,46.26788104,0.0,2016
MNG,Mongolia,11816629564.0,32.3,0.0,1.948684312,0.0,2016
MNP,Northern Mariana Islands,1044846154.0,0.0,0.0,119.6152174,0.0,2016
MOZ,Mozambique,14846118925.0,0.0,0.0,36.6609985,0.0,2016
MRT,Mauritania,5566613311.0,0.0,0.0,4.172909673,0.0,2016
MUS,Mauritius,12424514917.0,0.0,93.15783691,622.4004926,0.0,2016
MWI,Malawi,8710171729.0,44.7,0.0,191.8919707,0.0,2016
MYS,Malaysia,344272000000.0,0.0,93.73470306,94.92395374,0.0,2016
NAM,Namibia,14938635789.0,0.0,0.0,3.01195569,0.0,2016
NCL,New Caledonia,0.0,0.0,0.0,15.128555800000003,0.0,2016
NER,Niger,8107346610.0,0.0,0.0,16.32034973,0.0,2016
NGA,Nigeria,456775000000.0,0.0,0.0,204.2114255,0.0,2016
NIC,Nicaragua,11955466051.0,0.0,0.0,51.10460362,0.0,2016
NLD,Netherlands,897959000000.0,0.0,0.0,505.50056399999994,0.0,2016
NOR,Norway,473214000000.0,0.0,0.0,14.3363165,0.0,2016
NPL,Nepal,19891395830.0,0.0,0.0,202.1818696,0.0,2016
NRU,Nauru,125930267.7,0.0,0.0,652.45,0.0,2016
NZL,New Zealand,176129000000.0,0.0,0.0,17.82385781,0.0,2016
OMN,Oman,74768270221.0,0.0,94.89998627,14.29648465,0.0,2016
PAK,Pakistan,227867000000.0,0.0,0.0,250.6271741,0.0,2016
PAN,Panama,44846154387.0,50.4,0.0,54.26579231,0.0,2016
PER,Peru,193653000000.0,43.6,94.17366791,24.82331172,0.0,2016
PHL,Philippines,284349000000.0,0.0,0.0,346.5144783,0.0,2016
PLW,Palau,227328191.3,0.0,0.0,46.74565217,0.0,2016
PNG,Papua New Guinea,19330660418.0,0.0,0.0,17.85317979,0.0,2016
POL,Poland,573324000000.0,30.8,0.0,124.008253,0.0,2016
PRI,Puerto Rico,94310815718.0,0.0,0.0,384.0467869,0.0,2016
PRT,Portugal,232444000000.0,0.0,0.0,112.71638940000001,0.0,2016
PRY,Paraguay,34496738802.0,47.9,94.65023804,16.92753083,0.0,2016
PSE,West Bank and Gaza,11767216976.0,33.7,96.93022919,756.0740864,0.0,2016
PYF,French Polynesia,0.0,0.0,0.0,76.55956284,0.0,2016
QAT,Qatar,170685000000.0,0.0,93.14530182,221.34401380000003,0.0,2016
ROU,Romania,201690000000.0,0.0,0.0,85.63252782,0.0,2016
RWA,Rwanda,8804722944.0,43.7,0.0,483.07693550000005,0.0,2016
SAU,Saudi Arabia,690069000000.0,0.0,0.0,15.01411227,0.0,2016
SDN,Sudan,76149479953.0,0.0,0.0,22.68897306,0.0,2016
SEN,Senegal,21420420044.0,0.0,0.0,80.04785748,0.0,2016
SGP,Singapore,299170000000.0,0.0,97.04959106,7908.720563,0.0,2016
SLB,Solomon Islands,900859053.1,0.0,0.0,21.41546981,0.0,2016
SLE,Sierra Leone,3355384560.0,0.0,0.0,102.4686894,0.0,2016
SLV,El Salvador,21588556595.0,40.0,88.14176941,306.2124517,0.0,2016
SMR,San Marino,1769389085.0,0.0,0.0,553.3833333,0.0,2016
SOM,Somalia,0.0,0.0,0.0,22.823342999999998,0.0,2016
SRB,Serbia,41308012850.0,0.0,98.84150696,80.70343014,0.0,2016
SSD,South Sudan,0.0,0.0,0.0,0.0,0.0,2016
SUR,Suriname,4469836830.0,0.0,0.0,3.5792820510000003,0.0,2016
SVK,Slovak Republic,104804000000.0,0.0,0.0,112.95336940000001,0.0,2016
SVN,Slovenia,50511749002.0,0.0,0.0,102.5241808,0.0,2016
SWE,Sweden,557637000000.0,0.0,0.0,24.36248803,0.0,2016
SWZ,Eswatini,5342437662.0,0.0,0.0,78.08709302,0.0,2016
SXM,Sint Maarten (Dutch part),0.0,0.0,0.0,1175.558824,0.0,2016
SYC,Seychelles,1287449683.0,0.0,0.0,205.81956519999997,0.0,2016
TCA,Turks and Caicos Islands,0.0,0.0,0.0,36.73684211,0.0,2016
TCD,Chad,12642608725.0,0.0,22.31155014,11.47755956,0.0,2016
TGO,Togo,4851225904.0,0.0,0.0,139.848759,0.0,2016
THA,Thailand,407015000000.0,36.9,0.0,134.79127409999998,0.0,2016
TJK,Tajikistan,8456824084.0,0.0,0.0,62.93645796,0.0,2016
TKM,Turkmenistan,39563379206.0,0.0,0.0,12.0497606,0.0,2016
TLS,Timor-Leste,3765404275.0,0.0,0.0,85.31748487,0.0,2016
TON,Tonga,406237705.3,0.0,0.0,148.78055559999999,0.0,2016
TTO,Trinidad and Tobago,21519267131.0,0.0,0.0,266.0744639,0.0,2016
TUN,Tunisia,48682059522.0,0.0,0.0,73.39886715,0.0,2016
TUR,Turkey,1122510000000.0,41.9,96.16732788,103.31253459999999,0.0,2016
TUV,Tuvalu,39216157.28,0.0,0.0,369.9,0.0,2016
TZA,Tanzania,46576208275.0,0.0,0.0,62.73673628,0.0,2016
UGA,Uganda,27515729480.0,42.8,0.0,206.9018801,0.0,2016
UKR,Ukraine,124162000000.0,25.0,0.0,77.68931796,0.0,2016
URY,Uruguay,48362932954.0,39.7,98.56049347,19.677785399999998,0.0,2016
USA,United States,16972300000000.0,41.5,0.0,35.31830199,0.0,2016
UZB,Uzbekistan,62469088152.0,0.0,99.98657227,74.86577339,0.0,2016
VCT,St. Vincent and the Grenadines,732555979.3,0.0,0.0,281.1358974,0.0,2016
VGB,British Virgin Islands,0.0,0.0,0.0,204.4066667,0.0,2016
VNM,Vietnam,164105000000.0,35.3,0.0,304.99265330000003,0.0,2016
VUT,Vanuatu,777052317.5,0.0,0.0,22.18228056,0.0,2016
WSM,Samoa,738335201.0,0.0,0.0,68.94876325,0.0,2016
XKX,Kosovo,7129075778.0,26.7,0.0,166.82281619999998,0.0,2016
ZAF,South Africa,421266000000.0,0.0,0.0,46.17585917,0.0,2016
ZMB,Zambia,27037168289.0,0.0,0.0,22.31855419,0.0,2016
ZWE,Zimbabwe,17177545688.0,0.0,0.0,41.74838309,0.0,2016
ABW,Aruba,2579895285.0,0.0,0.0,584.8,0.0,2017
AFG,Afghanistan,20744935406.0,0.0,0.0,54.42220537,9.9,2017
AGO,Angola,101673000000.0,0.0,0.0,23.89042512,16.0,2017
ALB,Albania,13986932579.0,0.0,0.0,104.87069340000001,2.2,2017
AND,Andorra,3382068238.0,0.0,0.0,163.75531909999998,0.9,2017
ARG,Argentina,460292000000.0,40.6,0.0,16.17685635,2.0,2017
ARM,Armenia,12364648565.0,33.6,0.0,102.9311556,2.0,2017
ASM,American Samoa,505797356.8,0.0,0.0,278.205,0.0,2017
ATG,Antigua and Barbuda,1382074643.0,0.0,0.0,231.8454545,1.6,2017
AUS,Australia,1375720000000.0,0.0,0.0,3.198361419,0.9,2017
AUT,Austria,432754000000.0,0.0,0.0,106.6074453,0.8,2017
AZE,Azerbaijan,57252727187.0,0.0,0.0,119.19720579999999,2.8,2017
BDI,Burundi,2318490758.0,0.0,0.0,423.0625,21.6,2017
BEL,Belgium,525514000000.0,0.0,0.0,375.9046565,0.8,2017
BEN,Benin,9633652295.0,0.0,0.0,99.11042923,22.2,2017
BFA,Burkina Faso,13161938187.0,0.0,0.0,70.15125,24.7,2017
BGD,Bangladesh,179992000000.0,0.0,72.89296722,1265.036114,4.5,2017
BGR,Bulgaria,58950791932.0,0.0,0.0,65.18005711,1.6,2017
BHR,Bahrain,33058875381.0,0.0,0.0,1918.488357,1.8,2017
BIH,Bosnia and Herzegovina,19533480057.0,0.0,0.0,68.49642578,1.1,2017
BLR,Belarus,62013997099.0,25.4,0.0,46.79224208,1.4,2017
BLZ,Belize,1602145624.0,0.0,0.0,16.42617273,2.8,2017
BMU,Bermuda,0.0,0.0,0.0,1211.870349,0.0,2017
BOL,Bolivia,27881041740.0,44.0,0.0,10.20179082,6.0,2017
BRA,Brazil,2284130000000.0,53.3,0.0,25.04005413,2.4,2017
BRB,Barbados,4754798742.0,0.0,0.0,664.4627907,2.0,2017
BTN,Bhutan,2339922180.0,37.4,0.0,21.17266204,7.4,2017
BWA,Botswana,17240806145.0,0.0,0.0,4.043655708999999,6.2,2017
CAF,Central African Republic,1560913335.0,0.0,0.0,7.478699156,15.5,2017
CAN,Canada,1883710000000.0,0.0,0.0,4.03673422,1.1,2017
CHE,Switzerland,654612000000.0,0.0,0.0,213.85896319999998,0.7,2017
CHI,Channel Islands,0.0,0.0,0.0,834.9192241000001,0.0,2017
CHL,Chile,271896000000.0,46.6,0.0,24.28237822,1.5,2017
CHN,China,10161000000000.0,0.0,0.0,147.6740508,2.4,2017
CMR,Cameroon,36364818793.0,0.0,0.0,50.88474329,28.1,2017
COL,Colombia,373471000000.0,49.7,0.0,44.22317711,2.8,2017
COM,Comoros,1103262670.0,0.0,0.0,437.351947,7.0,2017
CPV,Cabo Verde,1951374147.0,0.0,0.0,135.5801489,2.1,2017
CRI,Costa Rica,48119932948.0,48.3,0.0,96.07851547,1.7,2017
CUB,Cuba,75572286635.0,0.0,0.0,110.40796,1.9,2017
CYM,Cayman Islands,0.0,0.0,0.0,256.4958333,0.0,2017
CYP,Cyprus,25812847682.0,0.0,0.0,127.65703459999999,0.8,2017
CZE,Czech Republic,241074000000.0,0.0,0.0,137.1981093,0.8,2017
DEU,Germany,3883870000000.0,0.0,0.0,236.6780026,0.7,2017
DJI,Djibouti,0.0,41.6,0.0,41.28494392,1.9,2017
DMA,Dominica,457177174.3,0.0,0.0,98.56666667,4.9,2017
DNK,Denmark,359485000000.0,0.0,0.0,137.2941176,0.5,2017
DOM,Dominican Republic,77017184252.0,0.0,0.0,222.87306980000002,3.0,2017
DZA,Algeria,199171000000.0,0.0,0.0,17.34788096,3.8,2017
ECU,Ecuador,87380611574.0,44.7,0.0,66.93854888,2.8,2017
ERI,Eritrea,0.0,0.0,0.0,0.0,12.2,2017
ESP,Spain,1509750000000.0,0.0,0.0,93.26767433,0.8,2017
EST,Estonia,25369490981.0,0.0,0.0,30.30559006,1.2,2017
ETH,Ethiopia,57710624012.0,0.0,0.0,104.95743799999998,13.7,2017
FIN,Finland,261965000000.0,0.0,0.0,18.1244908,0.8,2017
FJI,Fiji,3914472684.0,0.0,0.0,49.56223317,5.1,2017
FRA,France,2874670000000.0,0.0,0.0,122.55438970000002,0.8,2017
FRO,Faroe Islands,0.0,0.0,0.0,35.30802138,0.0,2017
GAB,Gabon,19007559999.0,38.0,0.0,7.859420965,15.0,2017
GBR,United Kingdom,2818700000000.0,0.0,0.0,272.90245110000006,0.8,2017
GEO,Georgia,15923763449.0,37.9,0.0,65.03201652,2.6,2017
GHA,Ghana,50620453225.0,0.0,0.0,126.71894609999998,11.7,2017
GIB,Gibraltar,0.0,0.0,0.0,3457.1,0.0,2017
GIN,Guinea,10480310146.0,0.0,0.0,51.75474524,22.5,2017
GNB,Guinea-Bissau,1123284986.0,0.0,0.0,66.19071835,16.7,2017
GNQ,Equatorial Guinea,14309494798.0,0.0,0.0,45.19390374,17.4,2017
GRC,Greece,247927000000.0,0.0,0.0,83.42537626,1.0,2017
GRD,Grenada,978762255.1,0.0,0.0,317.13235289999994,2.9,2017
GRL,Greenland,0.0,0.0,0.0,0.136852235,0.0,2017
GTM,Guatemala,52841305561.0,0.0,0.0,157.83410790000002,3.9,2017
GUM,Guam,5231963737.0,0.0,0.0,304.1277778,0.0,2017
GUY,Guyana,3011395060.0,0.0,0.0,3.951531623,4.9,2017
HKG,"Hong Kong SAR, China",280346000000.0,0.0,0.0,7039.714286,0.0,2017
HND,Honduras,20481239263.0,50.5,0.0,82.80513898,4.8,2017
HRV,Croatia,63213911836.0,0.0,0.0,73.70498570000001,1.1,2017
HUN,Hungary,153629000000.0,0.0,0.0,108.1184801,1.0,2017
IDN,Indonesia,1090450000000.0,38.1,0.0,145.7251881,5.0,2017
IMN,Isle of Man,0.0,0.0,0.0,147.87192980000003,0.0,2017
IND,India,2660370000000.0,0.0,0.0,450.4186166999999,6.0,2017
IRL,Ireland,358436000000.0,0.0,0.0,69.84062999,0.7,2017
IRQ,Iraq,208595000000.0,0.0,0.0,88.16436008,5.4,2017
ISL,Iceland,17512773948.0,0.0,0.0,3.4254364089999996,0.8,2017
ISR,Israel,299155000000.0,0.0,0.0,402.6478743,0.9,2017
ITA,Italy,2118780000000.0,0.0,0.0,205.8091691,0.7,2017
JAM,Jamaica,13950590008.0,0.0,0.0,266.8789474,2.7,2017
JOR,Jordan,31418663971.0,0.0,0.0,109.28534579999999,4.2,2017
JPN,Japan,6157660000000.0,0.0,0.0,347.77758670000003,0.8,2017
KAZ,Kazakhstan,196030000000.0,27.5,0.0,6.6814001560000005,2.9,2017
KEN,Kenya,58109837754.0,0.0,0.0,87.32449309,10.2,2017
KGZ,Kyrgyz Republic,6637610602.0,27.3,0.0,32.31595412,3.2,2017
KHM,Cambodia,18201700723.0,0.0,0.0,90.67172558,5.0,2017
KIR,Kiribati,200152719.1,0.0,0.0,143.7012346,8.7,2017
KNA,St. Kitts and Nevis,917001323.3,0.0,0.0,212.8653846,2.5,2017
KWT,Kuwait,138762000000.0,0.0,96.03594971,232.12839509999998,1.7,2017
LAO,Lao PDR,11867393084.0,0.0,0.0,29.71473137,14.1,2017
LBN,Lebanon,43200771504.0,0.0,0.0,594.5608016,1.2,2017
LBR,Liberia,2576870498.0,0.0,0.0,49.12693106,16.8,2017
LBY,Libya,46627921660.0,0.0,0.0,3.6228877999999995,5.2,2017
LCA,St. Lucia,1544463475.0,0.0,0.0,293.1868852,2.4,2017
LIE,Liechtenstein,0.0,0.0,0.0,237.0125,0.0,2017
LKA,Sri Lanka,82547720664.0,0.0,91.89575195,341.95503110000004,2.1,2017
LSO,Lesotho,2911879739.0,0.0,0.0,73.56189065,13.2,2017
LTU,Lithuania,47626186104.0,0.0,0.0,45.15186156,1.6,2017
LUX,Luxembourg,63521461701.0,0.0,0.0,245.4057613,0.5,2017
LVA,Latvia,30167432998.0,0.0,0.0,31.23589579,1.4,2017
MAC,"Macao SAR, China",34824298574.0,0.0,0.0,20479.17789,0.0,2017
MAF,St. Martin (French part),0.0,0.0,0.0,590.5330882000001,0.0,2017
MAR,Morocco,119347000000.0,0.0,0.0,80.07972216,3.2,2017
MCO,Monaco,0.0,0.0,0.0,19347.5,0.9,2017
MDA,Moldova,7685763946.0,25.9,0.0,123.65450940000001,2.3,2017
MDG,Madagascar,10788136744.0,0.0,0.0,43.95134926,13.1,2017
MDV,Maldives,3914372497.0,0.0,0.0,1454.433333,2.5,2017
MEX,Mexico,1284250000000.0,0.0,0.0,66.44372335,2.5,2017
MHL,Marshall Islands,185487298.5,0.0,0.0,295.15,6.0,2017
MKD,North Macedonia,10944451376.0,0.0,0.0,82.59952419,1.2,2017
MLI,Mali,14146600519.0,0.0,0.0,15.19597768,22.5,2017
MLT,Malta,12630728477.0,0.0,0.0,1462.496875,0.9,2017
MMR,Myanmar,79495831533.0,0.0,0.0,81.72139554,7.9,2017
MNE,Montenegro,4878416075.0,0.0,0.0,46.2730855,1.1,2017
MNG,Mongolia,12443108088.0,0.0,0.0,1.9797413680000002,4.4,2017
MNP,Northern Mariana Islands,1307544665.0,0.0,0.0,119.87826090000001,0.0,2017
MOZ,Mozambique,15400912190.0,0.0,0.0,37.72836796,14.8,2017
MRT,Mauritania,5761444777.0,0.0,0.0,4.288526244,9.8,2017
MUS,Mauritius,12898941213.0,0.0,0.0,622.962069,1.8,2017
MWI,Malawi,9058581257.0,0.0,0.0,197.5191345,12.8,2017
MYS,Malaysia,364574000000.0,0.0,0.0,96.25403744,2.6,2017
NAM,Namibia,14797041274.0,0.0,0.0,3.077644572,11.7,2017
NCL,New Caledonia,0.0,0.0,0.0,15.34245077,0.0,2017
NER,Niger,8504074484.0,0.0,0.0,16.95535486,39.0,2017
NGA,Nigeria,460457000000.0,0.0,0.0,209.5878334,19.7,2017
NIC,Nicaragua,12536632611.0,0.0,0.0,51.66678577,3.7,2017
NLD,Netherlands,923720000000.0,0.0,0.0,508.4979518999999,0.8,2017
NOR,Norway,482586000000.0,0.0,0.0,14.45257595,0.6,2017
NPL,Nepal,21463958187.0,0.0,0.0,204.4297035,5.3,2017
NRU,Nauru,131162273.8,0.0,0.0,643.8,5.8,2017
NZL,New Zealand,181094000000.0,0.0,0.0,18.20629676,0.9,2017
OMN,Oman,74074382055.0,0.0,96.11154938,14.97984491,2.3,2017
PAK,Pakistan,240857000000.0,0.0,0.0,255.5727934,11.2,2017
PAN,Panama,47232508571.0,49.9,0.0,55.13299704,2.8,2017
PER,Peru,198549000000.0,43.3,94.14961243,25.12928516,3.2,2017
PHL,Philippines,303356000000.0,0.0,0.0,351.8733944,6.2,2017
PLW,Palau,219211286.3,0.0,0.0,47.23695652,3.3,2017
PNG,Papua New Guinea,19822767444.0,0.0,0.0,18.22011659,8.6,2017
POL,Poland,600876000000.0,0.0,0.0,124.0237304,1.0,2017
PRI,Puerto Rico,92066818925.0,0.0,92.38999939,374.85918829999997,0.0,2017
PRT,Portugal,238941000000.0,0.0,0.0,112.44182109999998,0.8,2017
PRY,Paraguay,36294202789.0,48.8,0.0,17.14396426,3.1,2017
PSE,West Bank and Gaza,12136735452.0,0.0,0.0,778.2021595,3.2,2017
PYF,French Polynesia,0.0,0.0,0.0,77.32431694,0.0,2017
QAT,Qatar,173381000000.0,0.0,0.0,227.3222222,1.6,2017
ROU,Romania,216333000000.0,0.0,0.0,85.1181589,1.9,2017
RWA,Rwanda,9338098208.0,0.0,0.0,494.8685448,9.9,2017
SAU,Saudi Arabia,684158000000.0,0.0,0.0,15.32230833,1.7,2017
SDN,Sudan,79411016248.0,0.0,0.0,23.25841751,8.7,2017
SEN,Senegal,22952791256.0,0.0,51.90042114,82.32777749,14.4,2017
SGP,Singapore,309996000000.0,0.0,0.0,7915.730436,0.7,2017
SLB,Solomon Islands,930032625.4,0.0,0.0,21.841479100000004,4.1,2017
SLE,Sierra Leone,3496685933.0,0.0,0.0,104.699529,21.0,2017
SLV,El Salvador,22089971818.0,38.0,88.48271179,307.8114382,4.0,2017
SMR,San Marino,1795929921.0,0.0,0.0,556.6666667000001,0.7,2017
SOM,Somalia,0.0,0.0,0.0,23.5000526,23.8,2017
SRB,Serbia,42079410618.0,0.0,0.0,80.27507432,1.2,2017
SSD,South Sudan,0.0,0.0,0.0,0.0,18.6,2017
SUR,Suriname,4545246714.0,0.0,0.0,3.6115512819999998,3.2,2017
SVK,Slovak Republic,108145000000.0,0.0,0.0,113.1287854,1.2,2017
SVN,Slovenia,53037744699.0,0.0,0.0,102.5910064,0.8,2017
SWE,Sweden,569373000000.0,0.0,0.0,24.69298078,0.8,2017
SWZ,Eswatini,5442504423.0,0.0,0.0,79.49151163,11.2,2017
SXM,Sint Maarten (Dutch part),0.0,0.0,0.0,1209.088235,0.0,2017
SYC,Seychelles,1355489119.0,0.0,0.0,208.3543478,2.4,2017
TCA,Turks and Caicos Islands,0.0,0.0,0.0,37.31157895,0.0,2017
TCD,Chad,12269174946.0,0.0,0.0,11.83290502,26.4,2017
TGO,Togo,5064680352.0,0.0,0.0,143.36631730000002,21.4,2017
THA,Thailand,422941000000.0,36.5,0.0,135.1318542,4.6,2017
TJK,Tajikistan,9101022077.0,0.0,0.0,64.27943656,4.4,2017
TKM,Turkmenistan,42134998872.0,0.0,0.0,12.25304833,3.6,2017
TLS,Timor-Leste,3464086900.0,0.0,0.0,87.17626093,7.8,2017
TON,Tonga,417206123.4,0.0,0.0,150.02777780000002,3.4,2017
TTO,Trinidad and Tobago,21016574011.0,0.0,0.0,266.88596490000003,2.4,2017
TUN,Tunisia,49633854967.0,0.0,0.0,74.22841787,3.0,2017
TUR,Turkey,1206040000000.0,0.0,0.0,104.9140756,2.1,2017
TUV,Tuvalu,40487383.96,0.0,0.0,373.0666667,4.7,2017
TZA,Tanzania,49736720778.0,0.0,0.0,64.69859901,11.5,2017
UGA,Uganda,28578668646.0,0.0,0.0,213.75901659999997,13.7,2017
UKR,Ukraine,127296000000.0,0.0,0.0,77.38979613,1.7,2017
URY,Uruguay,49647783476.0,39.5,98.61572266,19.75059993,1.7,2017
USA,United States,17348600000000.0,0.0,0.0,35.54522707,1.3,2017
UZB,Uzbekistan,65779949823.0,0.0,0.0,76.13352139,3.4,2017
VCT,St. Vincent and the Grenadines,738855566.8,0.0,0.0,281.7871795,3.7,2017
VGB,British Virgin Islands,0.0,0.0,0.0,207.9733333,0.0,2017
VNM,Vietnam,175284000000.0,0.0,0.0,308.1265521,2.7,2017
VUT,Vanuatu,812024958.1,0.0,0.0,22.66152584,5.0,2017
WSM,Samoa,758305683.8,0.0,0.0,69.41342756,3.5,2017
XKX,Kosovo,7430486581.0,29.0,0.0,168.15467990000002,0.0,2017
ZAF,South Africa,426813000000.0,0.0,0.0,46.75428534,7.5,2017
ZMB,Zambia,27957288779.0,0.0,0.0,22.99483447,13.5,2017
ZWE,Zimbabwe,17985583517.0,0.0,0.0,42.72949205,14.1,2017
