,Avg. Wages (Annual),Avg. Work Hours (Annual),COU,Confidence in national government,Country,Delivery Quality,Democratic Quality,Freedom to make life choices,GDP (constant 2010 US$),Healthy life expectancy at birth,Happiness Index,Log GDP per capita,Negative affect,Perceptions of corruption,Population density,Positive affect,Probability of dying at age 5-14,Social support,Standard deviation of ladder,Year,Gini household income
0,52252.97944,1699.94,AUS,0.609752893,Australia,1.815897942,1.154312849,0.932058573,1144260000000.0,72.19999695,7.450047016,10.63258171,0.220073208,0.3661274020000001,2.867858584,0.8342362640000001,1.0,0.95451957,1.737801909,2010,0.412946343
1,50096.71444,1557.0,AUT,0.486446619,Austria,1.670084953,1.291469574,0.8959797620000001,391893000000.0,71.40000153,7.302678585,10.67674351,0.155792549,0.546144843,101.2874302,0.8147191999999999,1.0,0.914193332,1.753247619,2010,0.367440253
2,50872.487,1546.0,BEL,0.33651647,Belgium,1.4451680180000002,1.085666656,0.806930244,483548000000.0,70.80000305,6.853514194,10.62342072,0.240364328,0.697365582,359.8278071000001,0.8282585140000001,1.0,0.930570185,1.603352189,2010,0.393780649
3,45502.56024,1715.0,CAN,0.551076472,Canada,1.838643909,1.14445734,0.933948815,1613460000000.0,72.19999695,7.650346279,10.6139679,0.233112857,0.412659585,3.739510266,0.878867686,1.1,0.953765452,1.749785304,2010,0.710133135
4,24960.82175,2070.0,CHL,0.478705615,Chile,1.385960937,0.887606621,0.7863674759999999,218538000000.0,68.90000153,6.63565588,9.875193596,0.300116688,0.701824725,22.85490508,0.8091729879999999,1.6,0.85695523,2.18349123,2010,0.452481776
5,22944.4926,1800.0,CZE,0.334044516,Czech Republic,0.87146008,1.002025723,0.77911222,207478000000.0,68.09999847,6.249617577,10.25248623,0.244084343,0.925964117,135.6086225,0.641369283,1.1,0.934161127,1.881542683,2010,0.26753065
6,44451.21699,1389.9,DEU,0.395424008,Germany,1.637933135,1.047308922,0.842656434,3417090000000.0,70.90000153,6.724531174,10.60729599,0.182344139,0.688005984,234.6069082,0.793705821,0.9,0.939308643,1.861712337,2010,0.465919226
7,52263.8567,1422.0,DNK,0.586689413,Denmark,2.057426929,1.291459084,0.943630815,321995000000.0,70.40000153,7.770515442000001,10.69190979,0.154562935,0.174896091,130.7490691,0.7848266359999999,0.8,0.974977076,1.5172172780000002,2010,0.434082836
8,41034.3406,1710.4,ESP,0.302731603,Spain,1.107105613,0.402249694,0.7964955570000001,1431620000000.0,72.90000153,6.188262462999999,10.38921356,0.321819484,0.839746296,93.15193096,0.724312365,1.0,0.949940383,1.995815992,2010,0.379620492
9,43535.17087,1592.0,FIN,0.46184361,Finland,2.0583732130000003,1.4551599030000002,0.916009128,247800000000.0,70.40000153,7.393264294,10.59283066,0.202094659,0.4125157,17.64841066,0.832108617,1.0,0.935481369,1.6717381480000002,2010,0.403238714
10,42435.38246,1540.0,FRA,0.401466221,France,1.432198048,0.941972136,0.8497021790000001,2642610000000.0,72.19999695,6.797901154,10.51476955,0.260568112,0.622954249,118.75934,0.789724112,0.9,0.942954779,1.757904291,2010,0.362922639
11,45526.55342,1506.0,GBR,0.50351125,United Kingdom,1.667571664,0.850906134,0.841306746,2452900000000.0,71.30000305,7.0293641089999985,10.50141621,0.176342949,0.5868131520000001,259.44018930000004,0.8626207709999999,1.0,0.955068171,1.853852868,2010,0.544114292
12,31510.05117,1932.0,GRC,0.236502409,Greece,0.443356991,0.385255605,0.484110981,299362000000.0,71.5,5.839558601,10.2655611,0.291516393,0.954113841,86.27882855,0.633947492,1.1,0.8684224490000001,2.279255152,2010,0.323342144
13,21617.7991,1777.0,HUN,0.251568109,Hungary,0.707273602,0.789993286,0.513835371,130923000000.0,65.59999847,4.725132465,10.01700497,0.234813049,0.98327601,110.46087479999998,0.6558164360000001,1.3,0.895693719,1.973756313,2010,0.322203815
14,48697.70833,1702.0,IRL,0.332579374,Ireland,1.6066871880000002,1.17229867,0.85602957,222134000000.0,71.5,7.257389545,10.69263554,0.200655416,0.618024111,66.19473073,0.875982642,1.0,0.972885907,1.905356526,2010,0.575250983
15,34997.43567,1956.53,ISR,0.448931694,Israel,1.069919825,-0.378653169,0.5614779000000001,233731000000.0,72.40000153,7.358916282999999,10.30034924,0.362394363,0.902182698,352.2920518,0.67945838,1.1,0.881829858,1.592490673,2010,0.25077647
16,39051.10534,1777.3,ITA,0.333916396,Italy,0.473874211,0.718360543,0.737738907,2125060000000.0,72.80000305,6.354238033,10.4968462,0.235879943,0.921075165,201.5279017,0.596380711,0.9,0.8723841309999999,1.958520412,2010,0.333891571
17,40175.19119,1733.0,JPN,0.27027148,Japan,1.358309865,0.960023105,0.7717223759999999,5700100000000.0,73.80000305,6.056752682000001,10.48429871,0.187703073,0.769557059,351.309834,0.827118337,0.9,0.901924908,1.978432059,2010,0.330657125
18,18835.71381,1643.0,LTU,0.114503264,Lithuania,0.716123462,0.8154476279999999,0.519352257,37120517694.0,64.5,5.065824986,9.955636024,0.27202931,0.962167203,49.4181412,0.473149508,2.2,0.8818106059999999,1.983343363,2010,0.32577225600000004
19,62131.56237000001,1517.0,LUX,0.768445313,Luxembourg,1.824003339,1.518027306,0.908303082,53212476812.0,71.69999695,7.097251892,11.42674923,0.216064394,0.423341334,208.6226337,0.808782876,0.6,0.952371716,1.67573595,2010,0.336977035
20,16183.10561,2150.0,MEX,0.37198627,Mexico,-0.12431024,-0.273978293,0.778120756,1057800000000.0,66.5,6.802388668,9.662432671,0.215494677,0.6928918959999999,60.35080172,0.8400591609999999,2.8,0.876389682,2.145824432,2010,0.419643879
21,54477.2274,1420.0,NLD,0.636186302,Netherlands,1.856004,1.195659637,0.921448231,846555000000.0,71.40000153,7.501875877000001,10.72600937,0.206079304,0.398591846,492.5998814,0.8532338140000001,0.9,0.956536889,1.336109757,2010,0.464674622
22,38802.78948,1755.0,NZL,0.6391351820000001,New Zealand,1.959680557,1.3719973559999998,0.917752504,146584000000.0,72.0,7.223756312999999,10.37720966,0.234758481,0.32074818,16.52310964,0.84723419,1.2,0.975642204,1.686340332,2010,0.426387578
23,23652.32651,1834.0,POL,0.333801061,Poland,0.700623572,1.02746582,0.794900477,479258000000.0,67.30000305,5.887029648,9.98831749,0.234237015,0.904697299,124.2092007,0.736897647,1.4,0.95506531,1.935959458,2010,0.392158389
24,27080.30185,1735.0,PRT,0.26326957300000003,Portugal,0.969256222,0.912445068,0.721036375,238303000000.0,70.80000305,5.094525814,10.21238518,0.265107363,0.947879434,115.4394585,0.741612136,1.2,0.863906741,2.0685172080000003,2010,0.438607901
25,35473.81452,1680.1,SVN,0.331916302,Slovenia,0.9297418,0.957573533,0.8955224159999999,48013606745.0,69.19999695,6.082555294,10.26389885,0.295366138,0.844790697,101.6858269,0.67081368,1.0,0.917203367,2.168138504,2010,0.3676636820000001
26,40175.42479,1494.0,SWE,0.602851212,Sweden,1.973138332,1.318448305,0.904699981,488909000000.0,71.90000153,7.496018887000001,10.66761875,0.20011203,0.253086656,22.85452552,0.8330332640000001,0.9,0.97024262,1.593267798,2010,0.309502602
27,59476.63603,1773.0,USA,0.418275833,United States,1.4783297780000002,0.7860048409999999,0.828044355,14992100000000.0,68.69999695,7.16361618,10.80718327,0.231052637,0.6895825859999999,33.81566442,0.860642135,1.3,0.926158726,2.182073832,2010,0.739406407
28,53905.77401,1699.92,AUS,0.5307866929999999,Australia,1.835443974,1.1947155,0.944586456,1172310000000.0,72.30000305,7.405616283,10.64290237,0.195323676,0.381771743,2.90798641,0.8158602709999999,0.0,0.967029214,1.775903463,2011,0.431181312
29,49578.9147,1562.0,AUT,0.406920105,Austria,1.5584615469999998,1.297982693,0.939355612,403347000000.0,71.54000092,7.470512867,10.70218182,0.14523755,0.702721,101.6417364,0.7894708509999999,0.0,0.944156826,1.848879695,2011,0.34694165
30,51204.9434,1560.0,BEL,0.289129466,Belgium,1.472870708,1.139849305,0.880153596,492244000000.0,70.91999817,7.111363888,10.6273756,0.225056365,0.711043894,364.5397622,0.834544539,0.0,0.936955452,1.62850821,2011,0.447315395
31,46203.40255,1713.0,CAN,0.553290546,Canada,1.795956492,1.228660107,0.950925291,1664150000000.0,72.36000061,7.4260535239999985,10.63502026,0.247728661,0.432991534,3.776625307,0.88138485,0.0,0.921669245,1.819455624,2011,0.961435318
32,25106.35365,2047.0,CHL,0.322867334,Chile,1.400258541,0.763231277,0.700734138,231892000000.0,69.04000092,6.526334763,9.925136566,0.316876173,0.7527555229999999,23.07009823,0.803743482,0.0,0.819078863,2.067713022,2011,0.495457828
33,23101.99456,1806.0,CZE,0.206286699,Czech Republic,0.877707362,1.065891027,0.787180007,211166000000.0,68.23999786,6.331490992999999,10.26804066,0.252808869,0.949787855,135.8892802,0.600925982,0.0,0.91351074,1.932131648,2011,0.269167125
34,45209.41817,1392.8,DEU,0.4245831370000001,Germany,1.617307305,1.095714569,0.906293273,3542160000000.0,70.98000336,6.6213121410000015,10.6617794,0.165199533,0.677172124,230.3046333,0.7936662440000001,0.0,0.947236657,1.850586772,2011,0.434343398
35,51993.25884,1437.0,DNK,0.471823335,Denmark,2.083353519,1.325999975,0.934760153,326300000000.0,70.62000275,7.78823185,10.70107079,0.174883381,0.220043078,131.2885223,0.7694360020000001,0.0,0.961736143,1.500663996,2011,0.61589241
36,40452.8193,1715.5,ESP,0.30866271300000003,Spain,1.098813653,0.553485274,0.8186509009999999,1417320000000.0,73.01999664,6.518249035,10.37562275,0.356101543,0.845543444,93.50783588,0.737269402,0.0,0.944443703,1.955990791,2011,0.414737731
37,20320.64366,1852.0,EST,0.417540222,Estonia,1.176006198,0.872383595,0.7352253790000001,20971721297.0,66.95999908,5.486819744,10.10818481,0.205158427,0.68678391,31.31490918,0.651386082,0.0,0.908712626,1.951516151,2011,0.381159127
38,43684.94029,1587.0,FIN,0.565402389,Finland,2.052244186,1.450511217,0.936448395,254170000000.0,70.63999939,7.3542251589999985,10.6135788,0.20523864,0.319593191,17.73099477,0.772944152,0.0,0.937856853,1.613047361,2011,0.458035171
39,42370.29756,1546.0,FRA,0.375089258,France,1.374962091,0.8868305679999999,0.903366625,2700550000000.0,72.40000153,6.959185122999999,10.53051186,0.28099477300000003,0.626624525,119.335112,0.780809402,0.0,0.92128557,1.681088209,2011,0.450647593
40,44375.68743,1518.0,GBR,0.467890024,United Kingdom,1.6202971940000002,0.824559629,0.8997744320000001,2493240000000.0,71.37999725,6.8692488670000005,10.50802135,0.17390841199999998,0.437595308,261.4761212,0.844498098,0.0,0.94871068,1.91026938,2011,0.669811308
41,29445.28719,1949.0,GRC,0.17515121399999994,Greece,0.370681077,0.360879898,0.5281259420000001,272022000000.0,71.55999756,5.372039795,10.17127228,0.322790802,0.941152513,86.1512723,0.591371894,0.0,0.85155499,2.212227583,2011,0.325478792
42,21604.24091,1769.9,HUN,0.35979417,Hungary,0.717952192,0.790113568,0.631100118,133093000000.0,65.76000214,4.917602539,10.03632164,0.304519564,0.939908028,110.1483155,0.642114282,0.0,0.893662214,2.09452486,2011,0.320391357
43,48764.65687,1702.0,IRL,0.529104173,Ireland,1.5939091440000002,1.127179742,0.952034354,230400000000.0,71.59999847,7.006904125,10.71768761,0.19030945,0.589912653,66.484018,0.86522454,0.0,0.977377594,1.888444901,2011,0.502658725
44,35274.91537,1947.24,ISR,0.271090537,Israel,1.119241357,-0.27400425100000003,0.722269237,245344000000.0,72.45999908,7.433147907,10.32739449,0.384475023,0.891295373,358.8632163000001,0.7379072309999999,0.0,0.8926965590000001,1.823536634,2011,0.285089433
45,38438.74635,1773.3,ITA,0.25955969100000004,Italy,0.435912699,0.70651567,0.567738414,2137310000000.0,72.83999634,6.057086468,10.50087643,0.265567929,0.933460951,201.8747841,0.6583942770000001,0.0,0.913309336,1.630717635,2011,0.32957381
46,41082.06978,1728.0,JPN,0.231063634,Japan,1.356333971,1.033112645,0.814396441,5693520000000.0,73.98000336,6.2627935410000015,10.48499584,0.181055471,0.733798981,350.6549080000001,0.7757174370000001,0.0,0.916703701,1.987437367,2011,0.373215824
47,19367.18179,1621.0,LTU,0.18108657,Lithuania,0.684298992,0.765863121,0.5657972689999999,39363759100.0,64.69999695,5.43243742,10.03689575,0.274636686,0.963511646,48.31533087,0.5695334670000001,0.0,0.911411285,1.837926865,2011,0.31764403
48,61213.34102000001,1515.0,LUX,0.7706866859999999,Luxembourg,1.90174973,1.4609830380000002,0.961830735,54563666562.0,71.87999725,7.101400375,11.42959881,0.200136617,0.3881706,213.3115226,0.8364585640000001,0.0,0.934090614,1.565813184,2011,0.358263284
49,17541.35961,1753.0,LVA,0.107237339,Latvia,0.672904313,0.5283887389999999,0.56446445,25273331011.0,64.86000061,4.966811657,9.892091751,0.221713215,0.9342556,33.11429260000001,0.563278019,0.0,0.836042464,1.912062287,2011,0.333452344
50,16328.23664,2121.0,MEX,0.383446395,Mexico,-0.090883285,-0.273038357,0.831368089,1096550000000.0,66.68000031,6.909515381,9.68342495,0.227555886,0.6975802179999999,61.26187248,0.7900987270000001,0.0,0.824064076,2.328690529,2011,0.471575677
51,54140.29075,1420.0,NLD,0.603366792,Netherlands,1.885704398,1.325339317,0.92543155,859687000000.0,71.51999664,7.5637979510000015,10.73784447,0.181386188,0.359395891,495.04964410000014,0.8627232309999999,0.0,0.938396096,1.293510556,2011,0.446540862
52,38803.58733,1746.0,NZL,0.635153055,New Zealand,2.0125904080000003,1.477903485,0.934768736,150535000000.0,72.12000275,7.190638065,10.39618587,0.210149646,0.269330204,16.64957654,0.863912702,0.0,0.953649879,1.710960627,2011,0.398480445
53,23654.20807,1829.0,POL,0.27237618,Poland,0.718040705,1.049845338,0.868148923,503303000000.0,67.45999908,5.646204947999999,10.03673458,0.22381022600000006,0.907953143,124.2962969,0.725359917,0.0,0.904578626,1.960481882,2011,0.367741227
54,26436.50017,1714.0,PRT,0.20997645,Portugal,0.927496254,0.924824893,0.875092566,233950000000.0,71.0,5.219997883,10.19541836,0.279200882,0.961977124,115.2697893,0.725109041,0.0,0.8559606670000001,2.027334213,2011,0.392445087
55,35340.76447,1663.2,SVN,0.181583047,Slovenia,0.922107577,1.013063908,0.907440901,48325391228.0,69.40000153,6.035964012000001,10.26829433,0.285320938,0.8931338190000001,101.8982937,0.651520729,0.0,0.931166053,2.189199686,2011,0.3831422920000001
56,40680.56341,1491.0,SWE,0.638707519,Sweden,2.000473976,1.421821833,0.941115439,502008000000.0,71.98000336,7.382232189,10.68636227,0.179151982,0.268513024,23.02776478,0.8145614859999999,0.0,0.920521259,1.580353856,2011,0.420406282
57,59562.47469,1780.0,USA,0.382531583,United States,1.462400675,0.859106541,0.863202393,15224600000000.0,68.68000031,7.115138531,10.81564426,0.27337852100000004,0.6969257590000001,34.06206439,0.836360335,0.0,0.921705008,1.94597578,2011,0.612989604
58,54226.18947999999,1692.55,AUS,0.420419186,Australia,1.79015696,1.248593807,0.935146272,1217930000000.0,72.40000153,7.195585727999999,10.66322899,0.214396909,0.368251741,2.95920037,0.810741782,0.0,0.944599032,1.761226296,2012,0.406056434
59,49835.11427,1540.0,AUT,0.376573861,Austria,1.586992741,1.39467001,0.919703901,406092000000.0,71.68000031,7.400688647999999,10.70440388,0.15667499599999998,0.770585775,102.1148654,0.8222477440000001,0.0,0.945142388,1.7226686480000002,2012,0.323470145
60,51550.58104,1560.0,BEL,0.44011718,Belgium,1.466563344,1.136510849,0.8552666309999999,493399000000.0,71.04000092,6.935122012999999,10.62246037,0.238276809,0.7575725320000001,366.8075297,0.820485771,0.0,0.92711705,1.834067941,2012,0.327320158
61,47275.53082,1722.0,CAN,0.523448169,Canada,1.792761922,1.275260806,0.917961121,1693190000000.0,72.51999664,7.415144444,10.64052105,0.229332089,0.4656018320000001,3.821466628,0.8567036990000001,0.0,0.948128343,1.77270925,2012,0.884413838
62,63207.26367000001,1603.2,CHE,0.769940197,Switzerland,1.879036784,1.529229045,0.945428014,599638000000.0,72.77999878,7.776208877999999,10.93577576,0.176007092,0.323240787,202.3701995,0.8591072559999999,0.0,0.94686389,1.564780593,2012,0.308629304
63,25914.9183,2024.0,CHL,0.343267798,Chile,1.444172382,0.7040236590000001,0.7336109279999999,244226000000.0,69.18000031,6.599128723,9.967881203,0.287592113,0.7821174259999999,23.2804308,0.815391183,0.0,0.8552355770000001,2.12383008,2012,0.466741949
64,23089.6502,1776.0,CZE,0.169811338,Czech Republic,0.825533271,1.012242913,0.739808738,209477000000.0,68.37999725,6.3341493610000015,10.25861073,0.256508142,0.956799686,136.0971773,0.609040797,0.0,0.91242677,2.028648853,2012,0.288669348
65,45725.15818,1375.0,DEU,0.5169281960000001,Germany,1.656006575,1.084679604,0.904440463,3559590000000.0,71.05999756,6.7023620610000005,10.66480923,0.169576168,0.67923671,230.7506255,0.803739309,0.0,0.926406622,1.830847383,2012,0.405439347
66,51923.10356,1423.0,DNK,0.534252763,Denmark,2.01157999,1.29451251,0.932627916,327039000000.0,70.83999634,7.519909382000001,10.69957066,0.208569512,0.187407613,133.1643725,0.7737635970000001,0.0,0.951437175,1.702373385,2012,0.365274489
67,39301.60485,1701.2,ESP,0.339146554,Spain,1.0666815040000002,0.5173311829999999,0.7545861009999999,1375820000000.0,73.13999939,6.290690422000001,10.34525871,0.366474479,0.8435930009999999,93.50683713,0.749276638,0.0,0.937023342,2.038798571,2012,0.359645665
68,21161.9214,1820.0,EST,0.272975951,Estonia,1.156192064,0.87419492,0.696825743,21875027648.0,67.22000122,5.363927841000001,10.15393448,0.198966742,0.7928527,31.20301958,0.647360325,0.0,0.889454544,1.961893439,2012,0.381732076
69,43715.15615,1575.0,FIN,0.5979415770000001,Finland,2.059122562,1.50073123,0.920968115,250545000000.0,70.87999725,7.420209408,10.59445572,0.201654434,0.360733956,17.81556155,0.7962850929999999,0.0,0.927739382,1.630132437,2012,0.379710972
70,42654.36826,1541.0,FRA,0.44062534,France,1.345152617,0.8965236540000001,0.8413203359999999,2709010000000.0,72.59999847,6.649365425,10.52749729,0.252988011,0.607905269,119.9140728,0.754119575,0.0,0.93709743,1.7945482730000002,2012,0.328147918
71,44006.8491,1531.0,GBR,0.421262175,United Kingdom,1.646371841,0.870701671,0.888970494,2529320000000.0,71.45999908,6.880784035,10.51577282,0.184244528,0.425169915,263.3005415,0.844452202,0.0,0.934574962,1.870208263,2012,0.652187049
72,28108.0392,1966.0,GRC,0.126218989,Greece,0.271006763,0.241770923,0.37261042,252163000000.0,71.62000275,5.0963540080000005,10.10087299,0.351506293,0.958908975,85.68666408,0.580687582,0.0,0.81214112,2.490795374,2012,0.344145775
73,20852.274080000007,1750.0,HUN,0.209778264,Hungary,0.64710778,0.712581217,0.56923151,130922000000.0,65.91999817,4.683358192,10.02491188,0.315398008,0.930297315,109.5809345,0.65190798,0.0,0.906113982,2.094283819,2012,0.310641199
74,48153.35402,1707.0,IRL,0.34587270000000003,Ireland,1.579027534,1.131797075,0.90219456,230820000000.0,71.69999695,6.964645386,10.71382141,0.236661568,0.572632253,66.76633764,0.835201979,0.0,0.961785913,1.870121717,2012,0.470194757
75,48049.69794,1510.0,ISL,0.257335573,Iceland,1.545394659,1.34399128,0.904654503,14121903068.0,72.76000214,7.590660095,10.59492397,0.157153815,0.7585856320000001,3.199162095,0.899718463,0.0,0.978965282,1.569349289,2012,0.40288952
76,33166.65214,1918.77,ISR,0.343569756,Israel,1.074690342,-0.217279762,0.681439221,250536000000.0,72.51999664,7.110854626,10.32817173,0.319231451,0.862327278,365.5499076,0.665101826,0.0,0.903415501,1.7400853630000002,2012,0.28481248
77,37279.12066,1734.2,ITA,0.280694604,Italy,0.410039097,0.712513387,0.570094943,2077060000000.0,72.87999725,5.839313984,10.46958542,0.387652248,0.908323646,202.4196539,0.66976124,0.0,0.86948663,2.1909852030000003,2012,0.369049281
78,40380.39328,1745.0,JPN,0.169178054,Japan,1.386078477,1.024869084,0.752831519,5778640000000.0,74.16000366,5.968216419,10.50143337,0.17147471,0.692387402,350.09052010000005,0.776910841,0.0,0.905295432,1.902083993,2012,0.361155748
79,19671.09994,1620.0,LTU,0.145729542,Lithuania,0.800440192,0.8578597309999999,0.503027141,40870192058.0,64.90000153,5.771037102,10.08786297,0.277385563,0.956959248,47.67165087,0.5809710029999999,0.0,0.918690145,1.846569896,2012,0.310113639
80,60707.10622,1508.0,LUX,0.7436705229999999,Luxembourg,1.840276241,1.490909815,0.916520953,54371319074.0,72.05999756,6.964097023,11.40205193,0.227411717,0.402753204,218.4962963,0.8152487279999999,0.0,0.913907707,1.782285094,2012,0.348903418
81,18272.87632,1738.0,LVA,0.191219807,Latvia,0.721494794,0.614571154,0.563811779,26293015996.0,65.12000275,5.125025272,9.944048882,0.232224524,0.894979358,32.71661306,0.560012877,0.0,0.8511952159999999,1.890645146,2012,0.32179889100000003
82,16050.29823,2120.0,MEX,0.3614088,Mexico,-0.031542644,-0.274854422,0.7877683040000001,1136490000000.0,66.86000061,7.320185184,9.704709053,0.278110534,0.633281112,62.15607757,0.7844792009999999,0.0,0.767279446,2.074157,2012,0.426429868
83,54362.19547000001,1411.0,NLD,0.574513912,Netherlands,1.886309624,1.396525145,0.8771186470000001,850829000000.0,71.63999939,7.470715522999999,10.72351742,0.226289868,0.433753788,496.88499410000014,0.860640585,0.0,0.938884676,1.351189137,2012,0.35245353
84,49465.06851000001,1419.7,NOR,0.663340509,Norway,1.917715073,1.527816534,0.946565866,445095000000.0,72.23999786,7.678277016,11.05094433,0.212821111,0.368042678,13.74033034,0.8227498529999999,0.0,0.947657406,1.746017814,2012,0.31880399600000003
85,39621.7161,1734.0,NZL,0.61469996,New Zealand,1.965111136,1.489543796,0.901853085,154298000000.0,72.23999786,7.2496299739999985,10.41539097,0.20687817,0.28929793800000003,16.74110364,0.866304159,0.0,0.930028617,1.7226243019999998,2012,0.385313541
86,23445.50559,1824.0,POL,0.26862874600000003,Poland,0.769939899,1.056877136,0.811301708,511396000000.0,67.62000275,5.87593174,10.05268764,0.266746789,0.8878958229999999,124.3000588,0.7874891759999999,0.0,0.935923874,1.88393259,2012,0.347640306
87,25294.18881,1698.0,PRT,0.230625153,Portugal,0.971928477,0.90190047,0.773821414,224526000000.0,71.19999695,4.9939622880000005,10.15835667,0.370169967,0.959288418,114.8034065,0.728934467,0.0,0.86603862,2.494402647,2012,0.425317734
88,34227.66164,1644.6,SVN,0.238065988,Slovenia,0.879258931,0.96744442,0.904386282,47035305258.0,69.59999847,6.062891006,10.23913479,0.283989847,0.8907541040000001,102.1140519,0.656376362,0.0,0.924753785,2.095799685,2012,0.33938545
89,41581.03568,1478.0,SWE,0.6264972089999999,Sweden,2.032324076,1.430477619,0.944382191,500510000000.0,72.05999756,7.560147762000001,10.67609787,0.170226127,0.253543109,23.36960279,0.855099976,0.0,0.929397464,1.587887406,2012,0.319790423
90,60047.20521,1783.0,USA,0.348855615,United States,1.467069626,0.897014558,0.822662294,15567000000000.0,68.66000366,7.026226997,10.83013153,0.259643853,0.71003443,34.31286833,0.833771288,0.0,0.903192282,2.163159847,2012,0.6290693279999999
91,53977.41911,1689.38,AUS,0.455871463,Australia,1.75117445,1.233743429,0.933379173,1250080000000.0,72.5,7.3641691210000015,10.67169762,0.177142262,0.431539029,3.0105735260000004,0.818835258,0.0,0.928205192,1.737719178,2013,0.381207496
92,49896.49234,1525.0,AUT,0.417099237,Austria,1.620333314,1.410333991,0.921734452,406195000000.0,71.81999969,7.498802662,10.6987648,0.162603319,0.6789368990000001,102.7471302,0.787312806,0.0,0.949809194,1.861462116,2013,0.359079063
93,52221.57803,1558.0,BEL,0.554124534,Belgium,1.502777338,1.156564236,0.8907110690000001,494389000000.0,71.16000366,7.10366106,10.61957264,0.21713894600000005,0.573664308,368.5405218,0.797417402,0.0,0.909186184,1.5017786030000002,2013,0.330040932
94,48191.59919,1716.0,CAN,0.505976021,Canada,1.79271102,1.257454157,0.916013896,1735100000000.0,72.68000031,7.593793869,10.6534729,0.262850314,0.406236142,3.865654736,0.8512969020000001,0.0,0.936239362,1.658059239,2013,0.552203357
95,26583.78961,2015.0,CHL,0.3072685,Chile,1.416341901,0.735013962,0.7368873359999999,254105000000.0,69.31999969,6.74015379,9.998721123,0.285453886,0.741154909,23.48652279,0.855062187,0.0,0.862404704,2.101323128,2013,0.466638207
96,22846.09946,1763.0,CZE,0.242542624,Czech Republic,0.8114690179999999,1.034656048,0.725945652,208464000000.0,68.51999664,6.697655677999999,10.25343132,0.252652615,0.91589886,136.15995859999998,0.719957829,0.0,0.8880433440000001,1.999548912,2013,0.293449998
97,46277.16566,1362.7,DEU,0.557760656,Germany,1.639718533,1.167083979,0.894312978,3577010000000.0,71.13999939,6.9651250839999985,10.66696453,0.204995915,0.56579423,231.1557126,0.743487358,0.0,0.931420565,1.821391582,2013,0.376836538
98,52260.70461,1426.0,DNK,0.391405106,Denmark,2.026952028,1.312752008,0.920254648,330091000000.0,71.05999756,7.588606834,10.70469189,0.194673792,0.170042172,133.7206954,0.862346828,0.0,0.964707971,1.721857905,2013,0.38676554
99,39391.29533,1693.5,ESP,0.184549659,Spain,1.004293799,0.500444174,0.759356439,1352360000000.0,73.26000214,6.150027275,10.33133125,0.371839374,0.915822566,93.20094559999998,0.6962958570000001,0.0,0.928640485,2.076715708,2013,0.361005485
100,21459.59192,1801.0,EST,0.260637581,Estonia,1.202389479,0.932532012,0.753558695,22298647062.0,67.48000336,5.367445946,10.17667389,0.199018165,0.726356387,30.31969174,0.702255547,0.0,0.900721788,1.825384974,2013,0.358570963
101,43245.26697,1565.0,FIN,0.420593739,Finland,2.041153908,1.47943902,0.918625355,248646000000.0,71.12000275,7.444635868,10.58223915,0.194672555,0.305770457,17.89783145,0.7689573759999999,0.0,0.940869093,1.56188035,2013,0.412970424
102,43012.54154,1526.0,FRA,0.395130515,France,1.3488167519999998,0.833995342,0.8777957559999999,2724620000000.0,72.80000305,6.66712141,10.52809525,0.204969689,0.6990693809999999,120.5329508,0.8001360890000001,0.0,0.907690823,1.922264218,2013,0.341182142
103,44141.38003,1541.0,GBR,0.379231632,United Kingdom,1.667560935,0.907619238,0.905278027,2581080000000.0,71.54000092,6.918055057999999,10.52939415,0.252095789,0.568043172,265.06934240000004,0.7757444379999999,0.0,0.936884105,2.05475235,2013,0.480820388
104,26289.756230000006,1970.0,GRC,0.143608585,Greece,0.378082395,0.257947892,0.425966531,243990000000.0,71.68000031,4.720251083,10.07517338,0.482183158,0.941309869,85.06757952,0.689162374,0.0,0.686650038,2.284193993,2013,0.319987625
105,20893.44423,1744.6,HUN,0.327895939,Hungary,0.616362095,0.766919494,0.673728287,133663000000.0,66.08000183,4.914466858,10.04841042,0.306724131,0.911533177,109.2795979,0.705703676,0.0,0.877318323,2.266593456,2013,0.321232885
106,46724.76237,1720.0,IRL,0.28501555300000003,Ireland,1.584632158,1.106405497,0.883772016,233906000000.0,71.80000305,6.760085106,10.72481155,0.245267823,0.558394194,67.11882712,0.814344585,0.0,0.955188334,1.983884215,2013,0.44849968
107,48858.15059,1510.0,ISL,0.456565946,Iceland,1.551135063,1.363351345,0.9232077,14705681513.0,72.83999634,7.501394272000001,10.62764359,0.15627557,0.712598741,3.229566085,0.869971037,0.0,0.967144907,1.5686975719999998,2013,0.332603514
108,33428.18043,1908.2,ISR,0.451302052,Israel,1.07678926,-0.225939274,0.739001632,260919000000.0,72.58000183,7.320563316,10.34980011,0.408576161,0.848537862,372.435305,0.697945952,0.0,0.908515871,1.611566305,2013,0.28257471300000003
109,37338.27385,1719.5,ITA,0.145972148,Italy,0.424433529,0.7248582840000001,0.499168754,2041170000000.0,72.91999817,6.009373665,10.44056034,0.356616199,0.942639291,204.7798599,0.778827429,0.0,0.916296065,1.701400042,2013,0.296771884
110,40352.78811,1734.0,JPN,0.358106881,Japan,1.4583613869999998,1.064394474,0.821416557,5894230000000.0,74.33999634,5.959361553,10.52268124,0.174621537,0.650498211,349.5858021,0.7938088179999999,0.0,0.923688352,1.905619979,2013,0.34886989
111,20471.73064,1606.0,LTU,0.384238273,Lithuania,0.811991632,0.952275991,0.5558152789999999,42300068778.0,65.09999847,5.595689297000001,10.13237095,0.293728739,0.936335504,47.19088951,0.580803812,0.0,0.91251415,1.711561799,2013,0.287150949
112,61305.47504,1503.0,LUX,0.736690223,Luxembourg,1.837526202,1.4831721780000002,0.789655447,56358248456.0,72.23999786,7.130809307000001,11.41483116,0.184799984,0.30081176800000003,223.6049383,0.640379965,0.0,0.916683257,1.342207909,2013,0.33992666
113,19151.96466,1732.0,LVA,0.233799666,Latvia,0.757289529,0.682029366,0.630507529,26931897162.0,65.37999725,5.069770336,9.978767395,0.227449417,0.836553633,32.36287184,0.6421023610000001,0.0,0.834022582,1.719731092,2013,0.305940241
114,16050.28429,2136.0,MEX,0.395571351,Mexico,-0.060540289,-0.302915752,0.7387166620000001,1151880000000.0,67.04000092,7.442546367999999,9.704125404,0.22294873,0.614747047,63.03452712,0.789685428,0.0,0.759138405,2.08271122,2013,0.423099577
115,54554.96534,1415.0,NLD,0.542986929,Netherlands,1.85887289,1.355394006,0.918995857,849721000000.0,71.76000214,7.406550407,10.71866417,0.23544322,0.5045299529999999,498.7958445,0.866824448,0.0,0.924705446,1.342759848,2013,0.394002587
116,39110.6008,1752.0,NZL,0.543508649,New Zealand,1.95185113,1.5300021169999998,0.944000423,157412000000.0,72.36000061,7.280151844,10.42768669,0.151396915,0.312235802,16.87022901,0.8349564079999999,0.0,0.958153486,1.6641775369999998,2013,0.400911033
117,23712.96247,1821.0,POL,0.163588136,Poland,0.7961180809999999,0.98574698,0.775931358,518514000000.0,67.77999878,5.746131897000001,10.06711483,0.241980955,0.915677428,124.2291107,0.784124315,0.0,0.911934912,1.911393523,2013,0.29998320300000003
118,25813.87846,1707.0,PRT,0.17921339,Portugal,1.011040807,0.907849073,0.78803277,221988000000.0,71.40000153,5.157688141,10.15247917,0.347898155,0.946257353,114.1561345,0.699667215,0.0,0.8671808240000001,2.251560926,2013,0.427603066
119,33748.93018,1662.4,SVN,0.163433194,Slovenia,0.8433558940000001,0.94207418,0.890059829,46502839741.0,69.80000305,5.974888802000001,10.22639275,0.27426928300000003,0.917839587,102.2816783,0.6350996489999999,0.0,0.932119727,2.114859104,2013,0.35020533200000004
120,42015.76064,1470.0,SWE,0.579855025,Sweden,2.019759655,1.392944098,0.935910523,506708000000.0,72.13999939,7.434010506,10.6799593,0.184420303,0.324481547,23.56846615,0.829284012,0.0,0.915648043,1.660706401,2013,0.32497257
121,59765.75719,1781.0,USA,0.288647503,United States,1.415543795,0.873045623,0.79225564,15853800000000.0,68.63999939,7.249285221,10.83965302,0.260328352,0.7468940620000001,34.551570500000004,0.813677669,0.0,0.92539686,1.938087702,2013,0.6782621740000001
122,54391.75744,1683.27,AUS,0.464676231,Australia,1.81184423,1.196954012,0.922932267,1282060000000.0,72.59999847,7.288550377000001,10.68160057,0.245304301,0.44202137,3.055814795,0.775209963,0.0,0.92379874,1.795415401,2014,0.451516807
123,50082.84861,1516.0,AUT,0.407695413,Austria,1.621878743,1.331010818,0.8850268720000001,408881000000.0,71.95999908,6.949999809,10.69920254,0.17014955,0.566931307,103.5633242,0.7796927690000001,0.0,0.8989204759999999,1.836291671,2014,0.344870776
124,52514.32761,1545.0,BEL,0.469111621,Belgium,1.40902257,1.033804297,0.86095351,500592000000.0,71.27999878,6.855329037000001,10.63007927,0.251557052,0.511975765,370.180218,0.797633767,0.0,0.943549156,1.681074142,2014,0.402563632
125,48717.52776,1710.0,CAN,0.516953588,Canada,1.833163381,1.293931961,0.93889761,1784650000000.0,72.83999634,7.30425787,10.67079449,0.25860241100000003,0.441735327,3.907770267,0.833403885,0.0,0.917836308,1.759425759,2014,0.6790111059999999
126,64284.54003,1575.3,CHE,0.75163132,Switzerland,2.016315699,1.481070995,0.949401438,625702000000.0,73.05999756,7.492803574,10.95462418,0.188794166,0.283089578,207.2236258,0.8229132290000001,0.0,0.958796322,1.524784923,2014,0.328428507
127,26803.54588,1990.0,CHL,0.399530023,Chile,1.39434886,0.751715839,0.733326375,258594000000.0,69.45999908,6.844238281,10.00763416,0.276103258,0.758497715,23.68936005,0.86981076,0.0,0.861552179,2.064368248,2014,0.426405013
128,23324.26132,1777.0,CZE,0.339732826,Czech Republic,0.885882437,1.008328915,0.800421,214124000000.0,68.66000366,6.483729839,10.27916718,0.235220566,0.8968806859999999,136.30338,0.6784069540000001,0.0,0.877915204,2.031708002,2014,0.244812816
129,47010.04711,1366.9,DEU,0.601368845,Germany,1.782412052,1.180758357,0.8986834290000001,3654920000000.0,71.22000122,6.984214306,10.68190861,0.187844872,0.473952919,232.1080539,0.785408497,0.0,0.937558949,1.664546013,2014,0.454417616
130,53260.74406000001,1414.0,DNK,0.457836896,Denmark,1.962424636,1.238178492,0.941572249,335436000000.0,71.27999878,7.507559298999999,10.71568489,0.232612774,0.237218335,134.4004525,0.8324829340000001,0.0,0.956344306,1.669512272,2014,0.4693882170000001
131,39397.76735,1694.6,ESP,0.210619807,Spain,0.873171568,0.6184236999999999,0.738472342,1371020000000.0,73.37999725,6.456477642,10.34802628,0.335460007,0.8538879159999999,92.92273645,0.7162659170000001,0.0,0.947864413,1.761917591,2014,0.423291177
132,22570.84161,1795.0,EST,0.414985895,Estonia,1.342396259,0.97528398,0.773327112,22942757718.0,67.73999786,5.55598259,10.20779419,0.203439116,0.652447462,30.24028065,0.6804306509999999,0.0,0.917101741,1.858400702,2014,0.363078892
133,43229.09351,1562.0,FIN,0.468558848,Finland,2.037089586,1.412057161,0.933043957,247075000000.0,71.36000061,7.384571075,10.57176685,0.198813885,0.265479892,17.97200303,0.7841095920000001,0.0,0.952016532,1.608321071,2014,0.429592639
134,43308.84587,1518.0,FRA,0.263801724,France,1.317823052,0.759364009,0.8034741879999999,2750680000000.0,73.0,6.466867924,10.53272915,0.215893835,0.6556374429999999,121.1126749,0.8110544679999999,0.0,0.877504528,1.853521585,2014,0.432021111
135,43782.31312,1547.0,GBR,0.422672093,United Kingdom,1.770141125,0.8455686570000001,0.85703969,2657160000000.0,71.62000275,6.758147717000001,10.55194569,0.251140326,0.484118432,267.0737817,0.7939926979999999,0.0,0.910247326,1.87745738,2014,0.48483628
136,26803.24237,1933.0,GRC,0.188292742,Greece,0.242033929,0.23915565,0.369156331,245795000000.0,71.73999786,4.75623703,10.08920479,0.385433316,0.930213809,84.50281614,0.6946759220000001,0.0,0.832333207,2.412558317,2014,0.314226389
137,20707.45771,1751.7,HUN,0.308385164,Hungary,0.48798129,0.6115855570000001,0.494474709,139309000000.0,66.23999786,5.18056345,10.09251308,0.237619638,0.855361402,108.985618,0.650690138,0.0,0.844735265,1.882297993,2014,0.320106834
138,46314.70793,1731.0,IRL,0.459882379,Ireland,1.686500072,1.185246229,0.921629548,254491000000.0,71.90000153,7.018379211,10.7974987,0.228723049,0.406036258,67.61126433,0.7843348379999999,0.0,0.967744648,1.672049999,2014,0.495984018
139,33516.04162,1894.53,ISR,0.443641841,Israel,1.100101471,-0.15607816,0.7069746259999999,271090000000.0,72.63999939,7.400570393,10.36413765,0.271255702,0.8180399540000001,379.65341960000006,0.604293108,0.0,0.8890697359999999,1.580246329,2014,0.28140401800000003
140,37481.9106,1717.1,ITA,0.309035748,Italy,0.340944111,0.7287139890000001,0.623531222,2043490000000.0,72.95999908,6.026585102,10.43252182,0.35601961600000004,0.919959545,206.6673693,0.7160642740000001,0.0,0.89789933,2.005415201,2014,0.472247213
141,39633.25194,1729.0,JPN,0.37951529,Japan,1.562861204,1.002343178,0.8380517359999999,5916320000000.0,74.51999664,5.922620772999999,10.52774811,0.18943283,0.617483139,349.1222295,0.7415080070000001,0.0,0.9000403290000001,1.893250585,2014,0.4244335
142,21367.70885,1599.0,LTU,0.344657153,Lithuania,0.918602824,0.851863742,0.507947206,43796470015.0,65.30000305,6.125723839,10.17573357,0.286910683,0.956347883,46.80553871,0.619342983,0.0,0.908239841,1.869706154,2014,0.340137184
143,63606.70614,1506.0,LUX,0.662738323,Luxembourg,1.816249847,1.466502905,0.937987685,58779842025.0,72.41999817,6.89112711,11.44737625,0.17040939600000002,0.366286784,228.9378601,0.803083718,0.0,0.875469446,1.539557576,2014,0.345527112
144,20429.452080000006,1741.0,LVA,0.229044721,Latvia,0.8544881940000001,0.66835165,0.670653164,27432357432.0,65.63999939,5.729115486,10.00659657,0.225979373,0.803687513,32.06468318,0.652273059,0.0,0.881255507,1.962899804,2014,0.406467557
145,16028.6024,2134.0,MEX,0.327582031,Mexico,-0.14058508,-0.426801324,0.7791329029999999,1184180000000.0,67.22000122,6.679831028,9.718518257000001,0.22873041,0.629851162,63.90164356,0.80164963,0.0,0.781964958,2.15046978,2014,0.443645418
146,54260.74479,1426.0,NLD,0.525242269,Netherlands,1.889317155,1.296198368,0.910179615,861816000000.0,71.87999725,7.32118845,10.72916317,0.220656529,0.45694837,500.59388539999986,0.867766142,0.0,0.908995748,1.410852313,2014,0.455574274
147,50749.04262,1426.9,NOR,0.699690521,Norway,1.932635188,1.402022839,0.956316173,458626000000.0,72.68000031,7.444470882,11.05752373,0.194354936,0.404825836,14.06986657,0.833696604,0.0,0.941161931,1.637590885,2014,0.413273871
148,39419.08318,1762.0,NZL,0.629681349,New Zealand,2.036119938,1.496155739,0.931882441,162992000000.0,72.48000336,7.305892467,10.44741917,0.199018866,0.27260860800000003,17.12696062,0.847514093,0.0,0.942380846,1.675197124,2014,0.394328237
149,24195.84838,1827.0,POL,0.252522856,Poland,0.8395088909999999,0.97402674,0.8753570909999999,535721000000.0,67.94000244,5.750282287999999,10.10016727,0.222643748,0.897741735,124.1442732,0.776996672,0.0,0.923642278,2.052378654,2014,0.378063649
150,25360.07583,1714.0,PRT,0.227394462,Portugal,0.955930233,0.956860006,0.8468101020000001,223971000000.0,71.59999847,5.12691164,10.16676331,0.357692271,0.94107008,113.5417757,0.7050722840000001,0.0,0.86182946,2.3644695280000003,2014,0.44026351
151,34282.48437,1681.9,SVN,0.17685100399999998,Slovenia,0.848769665,0.960940123,0.887747705,47888250500.0,70.0,5.678395271,10.25476551,0.290812403,0.909118295,102.3823237,0.619817793,0.0,0.908347547,2.046137094,2014,0.378871739
152,42444.08578,1470.0,SWE,0.563272059,Sweden,1.940165281,1.338251948,0.945273399,519892000000.0,72.22000122,7.239147663,10.69574738,0.207688317,0.25038999300000003,23.80523434,0.8356722590000001,0.0,0.932719827,1.5666487219999998,2014,0.382445574
153,60617.97202000001,1784.0,USA,0.348671198,United States,1.433887959,0.8268213870000001,0.8660768870000001,16242500000000.0,68.62000275,7.151114464,10.85749722,0.281265348,0.702267468,34.80614436,0.8342944379999999,0.0,0.902097046,2.070653915,2014,0.753396153
154,53946.26631,1683.55,AUS,0.478556842,Australia,1.765201688,1.120239973,0.921871006,1312200000000.0,72.69999695,7.309060574,10.6901989,0.209636971,0.356554389,3.100112596,0.7900502090000001,0.9,0.95186156,1.686917663,2015,0.416127056
155,50373.81106,1500.0,AUT,0.454789877,Austria,1.564293861,1.263259649,0.900305152,413555000000.0,72.09999847,7.07644701,10.69885254,0.164469033,0.55747962,104.7307927,0.798262954,0.9,0.928110301,1.762816906,2015,0.319265366
156,52120.10915,1545.0,BEL,0.459024221,Belgium,1.440813541,0.987220764,0.869474947,509186000000.0,71.40000153,6.904219151,10.63845348,0.239958704,0.46878463,372.3314399,0.80517751,0.9,0.885208845,1.511810899,2015,0.403824568
157,48979.30251,1712.0,CAN,0.644104123,Canada,1.80216682,1.370862961,0.931468964,1802510000000.0,73.0,7.412772655,10.67242527,0.286280215,0.427152246,3.940449068,0.845327616,1.1,0.939067066,1.611453891,2015,0.667739451
158,64222.83942,1589.5,CHE,0.787730038,Switzerland,1.955272675,1.44887805,0.927802444,634045000000.0,73.19999695,7.5721368789999985,10.95543003,0.16575907199999998,0.209533513,209.5960066,0.808529079,0.7,0.93833375,1.799911141,2015,0.496126264
159,26759.21876,1988.0,CHL,0.300492525,Chile,1.263902068,0.718928695,0.76888144,264555000000.0,69.59999847,6.532749653,10.0220089,0.332746744,0.811511338,23.88959756,0.8030247090000001,1.5,0.827141881,1.938147187,2015,0.392625511
160,23962.81256,1756.0,CZE,0.435425878,Czech Republic,0.931855083,1.010938764,0.8084841970000001,225493000000.0,68.80000305,6.608017445,10.32893276,0.206080526,0.8864674570000001,136.58928899999998,0.750773847,0.9,0.911362588,1.802234173,2015,0.265170455
161,48034.59454,1369.8,DEU,0.628003657,Germany,1.773268819,1.060863018,0.889428854,3718480000000.0,71.30000305,7.037137508,10.69053364,0.20270516,0.412168294,234.1536686,0.764539361,0.8,0.925923228,1.6488446,2015,0.390182853
162,54196.8862,1407.0,DNK,0.579888642,Denmark,1.959059715,1.225186348,0.94143641,343294000000.0,71.5,7.514424801,10.72455978,0.217577577,0.191016391,135.3532508,0.8292174940000001,0.6,0.9597013,1.61830771,2015,0.537219882
163,40087.62768,1699.6,ESP,0.277751327,Spain,0.8668504359999999,0.648124874,0.73200047,1420990000000.0,73.5,6.380663395,10.38254833,0.284693688,0.8216649290000001,92.95268301,0.7322694059999999,0.8,0.95647186,1.658345461,2015,0.389747888
164,23436.37665,1788.0,EST,0.3366898,Estonia,1.3406986,0.90385133,0.8146923779999999,23378735867.0,68.0,5.628908634,10.22374249,0.182694778,0.5687344670000001,30.26011042,0.72333771,1.3,0.917929649,1.893060207,2015,0.405378938
165,43617.28448,1563.0,FIN,0.55760026,Finland,1.997026682,1.29203558,0.929861903,248312000000.0,71.59999847,7.447925568,10.56982231,0.191057593,0.223369658,18.03011089,0.75131619,0.8,0.947800577,1.5736182930000002,2015,0.45906952
166,43731.65687,1519.0,FRA,0.32825270300000003,France,1.321429491,0.6566323039999999,0.8170362109999999,2781290000000.0,73.19999695,6.357625007999999,10.53917408,0.215400279,0.640602052,121.6190587,0.785965919,0.8,0.895719409,1.847275615,2015,0.329389542
167,44125.73619,1531.0,GBR,0.456811696,United Kingdom,1.819778919,0.907748461,0.832926095,2719580000000.0,71.69999695,6.515445232,10.56718445,0.219261855,0.456133723,269.20539410000003,0.7977851029999999,0.8,0.935985744,1.753814697,2015,0.382688403
168,26585.0661,1943.0,GRC,0.437318921,Greece,0.214091524,0.210621193,0.531736314,244719000000.0,71.80000305,5.622519016,10.09288025,0.277412534,0.8239596490000001,83.94788984,0.73975122,1.0,0.834824681,2.20959115,2015,0.309100837
169,20150.14824,1748.7,HUN,0.279211909,Hungary,0.4530572,0.653114259,0.557721376,144236000000.0,66.40000153,5.34438324,10.12800789,0.244536385,0.907530308,108.7266983,0.7068147659999999,1.1,0.858733833,1.878782034,2015,0.2937769
170,47244.93408,1741.0,IRL,0.571841061,Ireland,1.685622692,1.121519446,0.8922769429999999,318413000000.0,72.0,6.830125332000001,11.01564217,0.225349247,0.408756912,68.25311366,0.7993204,0.8,0.95294255,1.7716596130000002,2015,0.393113405
171,53261.71745,1504.0,ISL,0.427228123,Iceland,1.5931270119999998,1.342286825,0.94048512,15682299357.0,73.0,7.498070717,10.67007351,0.179504439,0.638661802,3.299900249,0.849020839,0.8,0.980283201,1.687232494,2015,0.391596675
172,34481.718069999995,1895.41,ISR,0.405343235,Israel,1.19148016,-0.17502349600000006,0.7527839540000001,278049000000.0,72.69999695,7.07941103,10.37425232,0.256258249,0.7894299029999999,387.25046210000005,0.696547687,1.0,0.8641301990000001,1.779918075,2015,0.29365477
173,37793.07676,1718.0,ITA,0.260625869,Italy,0.367061794,0.705309868,0.5747657420000001,2062370000000.0,73.0,5.847683907,10.44295979,0.329209089,0.912753046,206.4682872,0.6917721029999999,0.8,0.908986509,1.670852304,2015,0.406529307
174,39591.57293,1719.0,JPN,0.35286721600000004,Japan,1.522612214,1.02655673,0.8316941859999999,5996410000000.0,74.69999695,5.879684448,10.54225731,0.17640863399999998,0.654443085,348.7519201,0.7680906059999999,0.8,0.922657192,1.80760932,2015,0.443165004
175,22741.69964,1622.0,LTU,0.367034554,Lithuania,1.021977663,0.8668178320000001,0.6414701939999999,44681433749.0,65.5,5.711378098,10.20528412,0.276451677,0.92417407,46.36727853,0.594609678,1.7,0.92852354,1.917049885,2015,0.34593156
176,64551.54632,1514.0,LUX,0.694678366,Luxembourg,1.838429928,1.493052721,0.932256401,61081638753.0,72.59999847,6.701571465,11.45199203,0.19305034,0.37539047,234.4049383,0.7574445609999999,0.5,0.933604598,1.505815864,2015,0.29204455
177,22295.31473,1708.0,LVA,0.298912108,Latvia,0.8603100779999999,0.6451104879999999,0.65639317,28247565849.0,65.90000153,5.880597591,10.04406738,0.22813718,0.808400393,31.80326472,0.6083796020000001,1.6,0.879372418,1.725923061,2015,0.368298113
178,16231.22549,2140.0,MEX,0.256193161,Mexico,-0.161394864,-0.4370315970000001,0.719465971,1223120000000.0,67.40000153,6.236287117000001,9.737350464,0.237188041,0.7079719309999999,64.76038427,0.74482131,2.6,0.760614276,2.147255182,2015,0.335662574
179,54892.58871,1426.0,NLD,0.579621017,Netherlands,1.865079641,1.243579149,0.903978765,878701000000.0,72.0,7.3244371410000015,10.74708652,0.202128634,0.41182211,502.8175423,0.834133685,0.8,0.8790104390000001,1.447880387,2015,0.421282858
180,50994.10315,1423.9,NOR,0.586871624,Norway,1.931402802,1.4247587919999998,0.947620511,467661000000.0,72.90000153,7.603433609,11.06676769,0.209409878,0.298814356,14.21057257,0.842887521,0.7,0.946833968,1.675640464,2015,0.37180686
181,24726.12542,1834.0,POL,0.211427912,Poland,0.817674637,0.957257986,0.793462157,556287000000.0,68.09999847,6.007021904,10.13855839,0.240432039,0.810096323,124.0615696,0.73438257,1.1,0.8930904270000001,1.87694037,2015,0.36295557
182,25307.31462,1722.0,PRT,0.217742205,Portugal,1.072187662,1.023220062,0.8004403109999999,228052000000.0,71.80000305,5.080866337,10.18896103,0.370736867,0.941050768,113.0725249,0.657176316,0.9,0.866213858,2.316053867,2015,0.4268094
183,34933.647730000004,1687.8,SVN,0.202604815,Slovenia,0.836637795,0.970074892,0.8960072990000001,48969999339.0,70.19999695,5.740642071,10.27635193,0.26141873,0.892197907,102.4461087,0.659085035,0.8,0.901163757,2.051262617,2015,0.404867083
184,43159.39234,1471.0,SWE,0.49930203,Sweden,1.977543712,1.256156087,0.935072064,543061000000.0,72.30000305,7.28892231,10.72939968,0.190991774,0.231964141,24.05829958,0.8179419640000001,0.8,0.929459989,1.626471519,2015,0.365593165
185,62106.29523,1785.0,USA,0.346936464,United States,1.428244591,0.893903494,0.8487534520000001,16710500000000.0,68.59999847,6.863946915,10.8781538,0.274687767,0.697542608,35.06373087,0.813907623,1.3,0.903571069,1.953669667,2015,0.649792492
186,53971.59746000001,1673.4,AUS,0.452731758,Australia,1.759352803,1.199453712,0.922315717,1349300000000.0,73.0,7.250080109,10.7030983,0.236085787,0.398545116,3.144935531,0.790868282,0.0,0.942334235,1.6988278630000002,2016,0.520914137
187,50906.02028,1512.0,AUT,0.432638228,Austria,1.579037547,1.12349689,0.888513982,421989000000.0,72.40000153,7.048071861,10.70244312,0.197423846,0.52364099,105.8694934,0.755902588,0.0,0.926318586,1.704400182,2016,0.292294294
188,51951.715,1545.0,BEL,0.419177502,Belgium,1.4242153169999998,0.909132481,0.865759015,516766000000.0,71.59999847,6.948936462000001,10.64741421,0.259653389,0.4966591,374.2213342,0.764590085,0.0,0.928964078,1.497023702,2016,0.34862980200000004
189,64063.94249,1589.7,CHE,0.7985367179999999,Switzerland,1.964175105,1.419003606,0.933947086,644197000000.0,73.5,7.458519936,10.95817471,0.206316724,0.301562965,211.8974034,0.779470801,0.0,0.927628279,1.694410086,2016,0.5107927320000001
190,27655.34315,1974.0,CHL,0.203538865,Chile,1.164838195,0.704101682,0.652289748,267904000000.0,69.69999695,6.579056262999999,10.02634144,0.283042103,0.858124971,24.08740074,0.8692288990000001,0.0,0.841388166,1.986255407,2016,0.48013857
191,24778.2455,1779.0,CZE,0.415120721,Czech Republic,0.903230727,1.000417948,0.8503282670000001,231018000000.0,69.30000305,6.735627173999998,10.3526144,0.201041639,0.900430739,136.8341362,0.755701959,0.0,0.930592895,1.682170749,2016,0.29053387
192,48709.63953,1362.8,DEU,0.5526135560000001,Germany,1.754329681,1.022540092,0.8705150490000001,3801860000000.0,71.59999847,6.873763084,10.70171165,0.187254936,0.445922136,235.71292940000004,0.7377459409999999,0.0,0.906029284,1.775906086,2016,0.354512513
193,39860.34697,1701.5,ESP,0.302516669,Spain,0.904802382,0.727092505,0.7681737540000001,1466070000000.0,73.80000305,6.318612099,10.41392422,0.300829351,0.8185585740000001,93.04827901,0.6528161170000001,0.0,0.941736817,1.606149554,2016,0.384632498
194,24691.29576,1791.0,EST,0.33983430299999995,Estonia,1.323766232,0.94091773,0.842770696,24194442664.0,68.19999695,5.649675369,10.24387455,0.176869258,0.6390852929999999,30.2689211,0.72625488,0.0,0.937715113,1.753086329,2016,0.343596786
195,43968.93163,1560.0,FIN,0.485727251,Finland,1.975339055,1.2653723959999998,0.948372185,255195000000.0,71.69999695,7.659843445,10.58807755,0.181998447,0.249659568,18.08200783,0.797325075,0.0,0.953940451,1.479018688,2016,0.3948212270000001
196,44465.81826,1545.0,GBR,0.40863207,United Kingdom,1.738277197,0.827514887,0.821192145,2768240000000.0,71.90000153,6.8242835999999985,10.57921696,0.22958678,0.458313286,271.134481,0.775853157,0.0,0.954068184,1.628819704,2016,0.382931799
197,26506.09185,1942.0,GRC,0.13248655199999998,Greece,0.097654387,0.27343174800000003,0.481616855,244251000000.0,72.0,5.302619457,10.09459305,0.336207509,0.898470819,83.5994647,0.700504363,0.0,0.802605867,2.317297935,2016,0.317848623
198,21077.55692,1760.0,HUN,0.30377233,Hungary,0.394931078,0.527955234,0.55395174,147526000000.0,66.80000305,5.448901652999999,10.15285015,0.24332577,0.924185812,108.40630729999998,0.66591078,0.0,0.899511576,1.845377684,2016,0.301498115
199,58131.14953,1494.0,ISL,0.363518298,Iceland,1.532976985,1.358806014,0.951609552,16835179721.0,73.0,7.510034561,10.7283411,0.158169165,0.719299555,3.346024938,0.873887897,0.0,0.984940052,1.571246386,2016,0.340639085
200,35701.37218,1922.08,ISR,0.43813318,Israel,1.229350686,-0.003985524,0.772297323,289193000000.0,72.90000153,7.159010887000001,10.39477539,0.263090223,0.804056585,394.9168207,0.629189372,0.0,0.8896607759999999,1.66659677,2016,0.306069046
201,40304.55493,1714.0,JPN,0.362200648,Japan,1.549104095,0.985401094,0.836064637,6052670000000.0,74.80000305,5.954650879,10.55274868,0.192402646,0.697639346,348.350096,0.76010859,0.0,0.8997738359999999,1.898952603,2016,0.32905584600000004
202,23933.49993,1644.0,LTU,0.279638559,Lithuania,0.990459979,0.914101243,0.614239335,45732868896.0,66.09999847,5.865552425,10.24116898,0.249855742,0.949392676,45.78766499,0.5941672920000001,0.0,0.937873363,1.906200886,2016,0.355488271
203,64453.11023,1513.0,LUX,0.6789778470000001,Luxembourg,1.817982912,1.45981288,0.8823653459999999,62554580195.0,72.59999847,6.967340946,11.46080017,0.192300707,0.356336325,239.5119342,0.7579497690000001,0.0,0.941260576,1.389065146,2016,0.311804265
204,16135.64876,2146.0,MEX,0.277944058,Mexico,-0.213363826,-0.349140942,0.7516130809999999,1258560000000.0,67.69999695,6.824172974,9.753050803999999,0.219571486,0.808579445,65.60890095,0.8591064209999999,0.0,0.893492579,1.959457278,2016,0.432634264
205,55131.595,1438.0,NLD,0.572273314,Netherlands,1.904383183,1.226236224,0.907310009,897959000000.0,72.09999847,7.540877342000001,10.76362324,0.214850739,0.43330425,505.500564,0.838432372,0.0,0.925944209,1.28147161,2016,0.417054057
206,50207.05948,1424.4,NOR,0.657646239,Norway,1.950139046,1.432126164,0.954352319,473214000000.0,73.0,7.5963315960000015,11.06912804,0.209262192,0.409666121,14.3363165,0.849625945,0.0,0.959742844,1.579264879,2016,0.349659204
207,25956.36995,1836.0,POL,0.382713199,Poland,0.756335139,0.6753461359999999,0.8707075120000001,573324000000.0,68.5,6.162076473,10.16722965,0.223536044,0.847753942,124.008253,0.77662462,0.0,0.91739881,1.84584868,2016,0.312157542
208,25349.78641,1725.0,PRT,0.354542404,Portugal,1.019317985,1.065478444,0.83806932,232444000000.0,72.0,5.4466371539999985,10.20817947,0.326252729,0.922192395,112.7163894,0.683566213,0.0,0.90463537,2.132012844,2016,0.45052737
209,43735.72742,1482.0,SWE,0.485791326,Sweden,1.959754944,1.290886164,0.918036401,557637000000.0,72.40000153,7.368744372999999,10.74867249,0.200606912,0.246182442,24.36248803,0.815695107,0.0,0.912060678,1.63049984,2016,0.425117075
210,62153.12401,1781.0,USA,0.297205657,United States,1.491425753,0.7557651999999999,0.757893085,16972300000000.0,68.5,6.803599834,10.88555431,0.264203817,0.7389195559999999,35.31830199,0.80567354,0.0,0.896751285,1.972202778,2016,0.69331491
211,50851.39713,1511.0,AUT,0.43590793,Austria,1.559312701,1.189480543,0.8900305629999999,432754000000.0,72.69999695,7.293727875,10.72407532,0.18026872,0.518303812,106.6074453,0.747568727,0.8,0.906217813,1.561061978,2017,0.322941631
212,25804.10436,1784.0,CZE,0.343870819,Czech Republic,0.985034347,0.99339664,0.8317855,241074000000.0,69.80000305,6.789567947,10.39224911,0.226649791,0.866524994,137.1981093,0.738743961,0.8,0.900968969,1.697134495,2017,0.282945663
213,22492.67745,1741.3,HUN,0.377770513,Hungary,0.445649564,0.589618564,0.6611659529999999,153629000000.0,67.19999695,6.065038681,10.19531918,0.180921271,0.886361301,108.1184801,0.735184252,1.0,0.8767475490000001,1.792409182,2017,0.330753207
214,64415.10845,1483.0,ISL,0.365041941,Iceland,1.5818408730000002,1.3744952680000002,0.938783288,17512773948.0,73.0,7.476213932,10.74684143,0.148160011,0.7268453840000001,3.425436409,0.895254552,0.8,0.966752827,1.630090833,2017,0.33243790300000003
215,25207.13875,1608.0,LTU,0.32124728,Lithuania,0.920204639,0.8829061990000001,0.749307334,47626186104.0,66.69999695,6.272940636,10.2929678,0.19511883,0.7897098659999999,45.15186156,0.607613146,1.6,0.926316619,2.175804377,2017,0.428504139
