,Country name,Year,Life Ladder
0,Afghanistan,2008,3.723589897
1,Afghanistan,2009,4.401778221
2,Afghanistan,2010,4.75838089
3,Afghanistan,2011,3.83171916
4,Afghanistan,2012,3.782937527
5,Afghanistan,2013,3.572100401
6,Afghanistan,2014,3.130895615
7,Afghanistan,2015,3.982854605
8,Afghanistan,2016,4.220168591
9,Afghanistan,2017,2.66171813
10,Afghanistan,2018,2.6943032739999997
11,Albania,2007,4.634251595
12,Albania,2009,5.485469817999999
13,Albania,2010,5.268936634
14,Albania,2011,5.867421627000001
15,Albania,2012,5.5101242070000005
16,Albania,2013,4.550647736
17,Albania,2014,4.813763142
18,Albania,2015,4.6066508289999994
19,Albania,2016,4.511100769
20,Albania,2017,4.639548302
21,Albania,2018,5.004402637
22,Algeria,2010,5.46356678
23,Algeria,2011,5.317194462
24,Algeria,2012,5.604595661
25,Algeria,2014,6.354898453
26,Algeria,2016,5.340853691
27,Algeria,2017,5.248912334
28,Algeria,2018,5.043086052
29,Angola,2011,5.589000702000001
30,Angola,2012,4.360249996
31,Angola,2013,3.937106848
32,Angola,2014,3.794837952
33,Argentina,2006,6.3129253389999995
34,Argentina,2007,6.073158264
35,Argentina,2008,5.9610342979999995
36,Argentina,2009,6.424133301
37,Argentina,2010,6.441067219
38,Argentina,2011,6.775805472999999
39,Argentina,2012,6.468387127000001
40,Argentina,2013,6.582260132
41,Argentina,2014,6.671114445
42,Argentina,2015,6.69713068
43,Argentina,2016,6.427221297999999
44,Argentina,2017,6.039330006
45,Argentina,2018,5.792796612
46,Armenia,2006,4.289310932
47,Armenia,2007,4.881515503
48,Armenia,2008,4.651972294
49,Armenia,2009,4.177581787
50,Armenia,2010,4.3678112030000005
51,Armenia,2011,4.2604913710000005
52,Armenia,2012,4.319711685
53,Armenia,2013,4.277191162
54,Armenia,2014,4.453083038
55,Armenia,2015,4.34831953
56,Armenia,2016,4.325471878
57,Armenia,2017,4.287736416
58,Armenia,2018,5.062448502
59,Australia,2005,7.3406882289999995
60,Australia,2007,7.285390854
61,Australia,2008,7.253757477000001
62,Australia,2010,7.450047016
63,Australia,2011,7.405616283
64,Australia,2012,7.195585727999999
65,Australia,2013,7.364169121000001
66,Australia,2014,7.288550377000001
67,Australia,2015,7.309060574
68,Australia,2016,7.250080109
69,Australia,2017,7.25703764
70,Australia,2018,7.17699337
71,Austria,2006,7.1222114560000005
72,Austria,2008,7.180953979
73,Austria,2010,7.302678585
74,Austria,2011,7.470512867
75,Austria,2012,7.400688647999999
76,Austria,2013,7.498802662
77,Austria,2014,6.9499998089999995
78,Austria,2015,7.07644701
79,Austria,2016,7.048071861
80,Austria,2017,7.293727875
81,Austria,2018,7.396001816
82,Azerbaijan,2006,4.727870941
83,Azerbaijan,2007,4.56815958
84,Azerbaijan,2008,4.817189217
85,Azerbaijan,2009,4.5737252239999995
86,Azerbaijan,2010,4.218610764
87,Azerbaijan,2011,4.680469513
88,Azerbaijan,2012,4.9107718469999995
89,Azerbaijan,2013,5.481178283999999
90,Azerbaijan,2014,5.25153017
91,Azerbaijan,2015,5.146774768999999
92,Azerbaijan,2016,5.303894997
93,Azerbaijan,2017,5.152279377
94,Azerbaijan,2018,5.1679954530000005
95,Bahrain,2009,5.7005233760000005
96,Bahrain,2010,5.936869144
97,Bahrain,2011,4.82397604
98,Bahrain,2012,5.0271868710000005
99,Bahrain,2013,6.689711094
100,Bahrain,2014,6.165133953
101,Bahrain,2015,6.00737524
102,Bahrain,2016,6.169673443
103,Bahrain,2017,6.227320671
104,Bangladesh,2006,4.318909168
105,Bangladesh,2007,4.607322216
106,Bangladesh,2008,5.052278519
107,Bangladesh,2009,5.08285141
108,Bangladesh,2010,4.858481407
109,Bangladesh,2011,4.985649109
110,Bangladesh,2012,4.724443913
111,Bangladesh,2013,4.660161018
112,Bangladesh,2014,4.6355648039999995
113,Bangladesh,2015,4.633473873
114,Bangladesh,2016,4.556140900000001
115,Bangladesh,2017,4.309771061
116,Bangladesh,2018,4.499217033
117,Belarus,2006,5.657649994
118,Belarus,2007,5.6169762610000005
119,Belarus,2008,5.463332176000001
120,Belarus,2009,5.56413126
121,Belarus,2010,5.525923252
122,Belarus,2011,5.2253079410000005
123,Belarus,2012,5.749043465
124,Belarus,2013,5.876466273999999
125,Belarus,2014,5.8124008179999995
126,Belarus,2015,5.718907832999999
127,Belarus,2016,5.177899361000001
128,Belarus,2017,5.552915096
129,Belarus,2018,5.233769894
130,Belgium,2005,7.262290478
131,Belgium,2007,7.218839645
132,Belgium,2008,7.116590977
133,Belgium,2010,6.853514194
134,Belgium,2011,7.111363888
135,Belgium,2012,6.935122012999999
136,Belgium,2013,7.10366106
137,Belgium,2014,6.855329037000001
138,Belgium,2015,6.904219151
139,Belgium,2016,6.948936462000001
140,Belgium,2017,6.928347587999999
141,Belgium,2018,6.89217186
142,Belize,2007,6.4506444929999995
143,Belize,2014,5.955646515
144,Benin,2006,3.329801559
145,Benin,2008,3.66713953
146,Benin,2011,3.8702795510000003
147,Benin,2012,3.1934688089999996
148,Benin,2013,3.479412794
149,Benin,2014,3.347419262
150,Benin,2015,3.6246643069999998
151,Benin,2016,4.0073575969999995
152,Benin,2017,4.853180885
153,Benin,2018,5.81982708
154,Bhutan,2013,5.5690917970000005
155,Bhutan,2014,4.938578129
156,Bhutan,2015,5.082128525
157,Bolivia,2006,5.373986244
158,Bolivia,2007,5.628419398999999
159,Bolivia,2008,5.297872543
160,Bolivia,2009,6.085579395
161,Bolivia,2010,5.780620097999999
162,Bolivia,2011,5.778874397
163,Bolivia,2012,6.018894672
164,Bolivia,2013,5.767428875
165,Bolivia,2014,5.864798546
166,Bolivia,2015,5.834329127999999
167,Bolivia,2016,5.769723415
168,Bolivia,2017,5.65055275
169,Bolivia,2018,5.915734291000001
170,Bosnia and Herzegovina,2007,4.899806976
171,Bosnia and Herzegovina,2009,4.963477135
172,Bosnia and Herzegovina,2010,4.66851759
173,Bosnia and Herzegovina,2011,4.994670868
174,Bosnia and Herzegovina,2012,4.773144722
175,Bosnia and Herzegovina,2013,5.123664379
176,Bosnia and Herzegovina,2014,5.248954296
177,Bosnia and Herzegovina,2015,5.1171779630000005
178,Bosnia and Herzegovina,2016,5.180865288
179,Bosnia and Herzegovina,2017,5.089902401
180,Bosnia and Herzegovina,2018,5.887401103999999
181,Botswana,2006,4.739367008
182,Botswana,2008,5.451147079
183,Botswana,2010,3.553020239
184,Botswana,2011,3.5199210639999996
185,Botswana,2012,4.835938931
186,Botswana,2013,4.128298759
187,Botswana,2014,4.031197071
188,Botswana,2015,3.761964798
189,Botswana,2016,3.4989366530000003
190,Botswana,2017,3.5048811439999996
191,Botswana,2018,3.4613657
192,Brazil,2005,6.636771202
193,Brazil,2007,6.320672989
194,Brazil,2008,6.691424847
195,Brazil,2009,7.000831604
196,Brazil,2010,6.837331295
197,Brazil,2011,7.037816525
198,Brazil,2012,6.660003662
199,Brazil,2013,7.140282631
200,Brazil,2014,6.980998992999999
201,Brazil,2015,6.546896935
202,Brazil,2016,6.374817371000001
203,Brazil,2017,6.332929134
204,Brazil,2018,6.190921782999999
205,Bulgaria,2007,3.843797922
206,Bulgaria,2010,3.9122762680000003
207,Bulgaria,2011,3.875382423
208,Bulgaria,2012,4.222297192
209,Bulgaria,2013,3.993020535
210,Bulgaria,2014,4.4384398460000005
211,Bulgaria,2015,4.865401268
212,Bulgaria,2016,4.837560654
213,Bulgaria,2017,5.096901894
214,Bulgaria,2018,5.098813534
215,Burkina Faso,2006,3.801490784
216,Burkina Faso,2007,4.017130375
217,Burkina Faso,2008,3.846438885
218,Burkina Faso,2010,4.035560608
219,Burkina Faso,2011,4.7853674889999995
220,Burkina Faso,2012,3.95500803
221,Burkina Faso,2013,3.325949669
222,Burkina Faso,2014,3.481347799
223,Burkina Faso,2015,4.418930054
224,Burkina Faso,2016,4.205634594
225,Burkina Faso,2017,4.646891117
226,Burkina Faso,2018,4.92723608
227,Burundi,2008,3.563227654
228,Burundi,2009,3.791680813
229,Burundi,2011,3.705894232
230,Burundi,2014,2.904535055
231,Burundi,2018,3.775283098
232,Cambodia,2006,3.5687446589999996
233,Cambodia,2007,4.15597105
234,Cambodia,2008,4.462163925
235,Cambodia,2009,4.110625744
236,Cambodia,2010,4.141072273
237,Cambodia,2011,4.161225319
238,Cambodia,2012,3.8987069130000003
239,Cambodia,2013,3.6744668480000002
240,Cambodia,2014,3.88330555
241,Cambodia,2015,4.162164688
242,Cambodia,2016,4.461259365
243,Cambodia,2017,4.585842133
244,Cambodia,2018,5.1218376160000005
245,Cameroon,2006,3.851072073
246,Cameroon,2007,4.349939346
247,Cameroon,2008,4.291800499
248,Cameroon,2009,4.741408348
249,Cameroon,2010,4.554256916
250,Cameroon,2011,4.433885098
251,Cameroon,2012,4.2446341510000005
252,Cameroon,2013,4.271038055
253,Cameroon,2014,4.240441322
254,Cameroon,2015,5.037964821
255,Cameroon,2016,4.816232203999999
256,Cameroon,2017,5.07405138
257,Cameroon,2018,5.250737667
258,Canada,2005,7.418048382
259,Canada,2007,7.481752872
260,Canada,2008,7.485603809
261,Canada,2009,7.48782444
262,Canada,2010,7.650346279
263,Canada,2011,7.426053523999999
264,Canada,2012,7.415144444
265,Canada,2013,7.593793869
266,Canada,2014,7.30425787
267,Canada,2015,7.412772655
268,Canada,2016,7.244845867
269,Canada,2017,7.414868355
270,Canada,2018,7.175496578
271,Central African Republic,2007,4.1601295469999995
272,Central African Republic,2010,3.5678925510000004
273,Central African Republic,2011,3.677826405
274,Central African Republic,2016,2.693061113
275,Central African Republic,2017,3.475862026
276,Chad,2006,3.434800625
277,Chad,2007,4.141326904
278,Chad,2008,4.632468224
279,Chad,2009,3.6394450660000004
280,Chad,2010,3.7428710460000003
281,Chad,2011,4.393482208
282,Chad,2012,4.03297472
283,Chad,2013,3.507663012
284,Chad,2014,3.460182905
285,Chad,2015,4.3226752280000005
286,Chad,2016,4.029350281
287,Chad,2017,4.558937073
288,Chad,2018,4.4863252639999995
289,Chile,2006,6.062851906000001
290,Chile,2007,5.697929858999999
291,Chile,2008,5.789438725
292,Chile,2009,6.493686199
293,Chile,2010,6.63565588
294,Chile,2011,6.5263347629999995
295,Chile,2012,6.599128723
296,Chile,2013,6.74015379
297,Chile,2014,6.844238281
298,Chile,2015,6.532749653
299,Chile,2016,6.579056262999999
300,Chile,2017,6.3201193810000005
301,Chile,2018,6.436220646000001
302,China,2006,4.560495377
303,China,2007,4.86286211
304,China,2008,4.84629488
305,China,2009,4.454360962
306,China,2010,4.652736664
307,China,2011,5.037207603
308,China,2012,5.094917297
309,China,2013,5.2410902980000005
310,China,2014,5.1956191060000005
311,China,2015,5.303877831
312,China,2016,5.32495594
313,China,2017,5.0990614889999994
314,China,2018,5.131433964
315,Colombia,2006,6.024942875
316,Colombia,2007,6.138411522
317,Colombia,2008,6.168395042
318,Colombia,2009,6.271604537999999
319,Colombia,2010,6.40811348
320,Colombia,2011,6.463952541
321,Colombia,2012,6.374879837000001
322,Colombia,2013,6.606550694
323,Colombia,2014,6.44878912
324,Colombia,2015,6.387571812000001
325,Colombia,2016,6.233715057
326,Colombia,2017,6.157341957000001
327,Colombia,2018,5.983512402000001
328,Comoros,2009,3.47602725
329,Comoros,2010,3.81219101
330,Comoros,2011,3.8384859560000004
331,Comoros,2012,3.955640316
332,Comoros,2018,3.9728195669999997
333,Congo (Brazzaville),2008,3.8197922710000003
334,Congo (Brazzaville),2011,4.509824276
335,Congo (Brazzaville),2012,3.919341803
336,Congo (Brazzaville),2013,3.9549505710000004
337,Congo (Brazzaville),2014,4.05601263
338,Congo (Brazzaville),2015,4.6908302310000005
339,Congo (Brazzaville),2016,4.1194934839999995
340,Congo (Brazzaville),2017,4.883991241
341,Congo (Brazzaville),2018,5.490214347999999
342,Congo (Kinshasa),2009,3.983848572
343,Congo (Kinshasa),2011,4.516963959
344,Congo (Kinshasa),2012,4.63922739
345,Congo (Kinshasa),2013,4.497477055
346,Congo (Kinshasa),2014,4.414299965
347,Congo (Kinshasa),2015,3.9027416710000002
348,Congo (Kinshasa),2016,4.521935463
349,Congo (Kinshasa),2017,4.311033248999999
350,Costa Rica,2006,7.082465172000001
351,Costa Rica,2007,7.432132244
352,Costa Rica,2008,6.850679874
353,Costa Rica,2009,7.614928722
354,Costa Rica,2010,7.271053791
355,Costa Rica,2011,7.228888512
356,Costa Rica,2012,7.272250175
357,Costa Rica,2013,7.158000469
358,Costa Rica,2014,7.247086048
359,Costa Rica,2015,6.8540043829999995
360,Costa Rica,2016,7.135617732999999
361,Costa Rica,2017,7.22518158
362,Costa Rica,2018,7.141074657000001
363,Croatia,2007,5.820907592999999
364,Croatia,2009,5.433319569
365,Croatia,2010,5.595575332999999
366,Croatia,2011,5.385372639
367,Croatia,2012,6.027634621
368,Croatia,2013,5.885462761
369,Croatia,2014,5.380692482000001
370,Croatia,2015,5.205438137
371,Croatia,2016,5.416875362000001
372,Croatia,2017,5.343165873999999
373,Croatia,2018,5.536271095
374,Cuba,2006,5.417868614
375,Cyprus,2006,6.237958431
376,Cyprus,2009,6.8334774970000005
377,Cyprus,2010,6.386546135
378,Cyprus,2011,6.689608574
379,Cyprus,2012,6.180507183
380,Cyprus,2013,5.438952446
381,Cyprus,2014,5.627123833
382,Cyprus,2015,5.439161301
383,Cyprus,2016,5.794618607
384,Cyprus,2017,6.062051296
385,Cyprus,2018,6.276443005
386,Czech Republic,2005,6.439256668
387,Czech Republic,2007,6.500194072999999
388,Czech Republic,2010,6.249617577
389,Czech Republic,2011,6.331490992999999
390,Czech Republic,2012,6.334149361000001
391,Czech Republic,2013,6.697655677999999
392,Czech Republic,2014,6.4837298389999996
393,Czech Republic,2015,6.608017445
394,Czech Republic,2016,6.735627173999999
395,Czech Republic,2017,6.789567947
396,Czech Republic,2018,7.034165382
397,Denmark,2005,8.01893425
398,Denmark,2007,7.834233284
399,Denmark,2008,7.970891953
400,Denmark,2009,7.6833586689999995
401,Denmark,2010,7.770515442000001
402,Denmark,2011,7.78823185
403,Denmark,2012,7.519909382000001
404,Denmark,2013,7.588606834
405,Denmark,2014,7.5075592989999995
406,Denmark,2015,7.5144248010000005
407,Denmark,2016,7.55778265
408,Denmark,2017,7.593702316
409,Denmark,2018,7.648785591
410,Djibouti,2008,5.009330273
411,Djibouti,2009,4.9059252739999994
412,Djibouti,2010,5.005810738
413,Djibouti,2011,4.369193554
414,Dominican Republic,2006,5.087967873
415,Dominican Republic,2007,5.081305981
416,Dominican Republic,2008,4.84230566
417,Dominican Republic,2009,5.431613922
418,Dominican Republic,2010,4.735021113999999
419,Dominican Republic,2011,5.396535397
420,Dominican Republic,2012,4.753311157
421,Dominican Republic,2013,5.015515327
422,Dominican Republic,2014,5.387331962999999
423,Dominican Republic,2015,5.061862468999999
424,Dominican Republic,2016,5.238698483
425,Dominican Republic,2017,5.605202675
426,Dominican Republic,2018,5.433215617999999
427,Ecuador,2006,5.02419138
428,Ecuador,2007,4.995875358999999
429,Ecuador,2008,5.2965130810000005
430,Ecuador,2009,6.021803379
431,Ecuador,2010,5.838051319
432,Ecuador,2011,5.795088291
433,Ecuador,2012,5.960716248
434,Ecuador,2013,6.019206047000001
435,Ecuador,2014,5.945851802999999
436,Ecuador,2015,5.964075089
437,Ecuador,2016,6.115437507999999
438,Ecuador,2017,5.839518547000001
439,Ecuador,2018,6.128010272999999
440,Egypt,2005,5.1677541730000005
441,Egypt,2007,5.540510654
442,Egypt,2008,4.631741047
443,Egypt,2009,5.066164494
444,Egypt,2010,4.668916225
445,Egypt,2011,4.174158573
446,Egypt,2012,4.204156876
447,Egypt,2013,3.5585203169999997
448,Egypt,2014,4.885072708
449,Egypt,2015,4.7625384330000005
450,Egypt,2016,4.556740761
451,Egypt,2017,3.929344177
452,Egypt,2018,4.005450726
453,El Salvador,2006,5.700929642
454,El Salvador,2007,5.295535088
455,El Salvador,2008,5.191493988
456,El Salvador,2009,6.839087009
457,El Salvador,2010,6.739911079
458,El Salvador,2011,4.741294861
459,El Salvador,2012,5.934371471
460,El Salvador,2013,6.3250632289999995
461,El Salvador,2014,5.856523514
462,El Salvador,2015,6.018496037
463,El Salvador,2016,6.139824867000001
464,El Salvador,2017,6.339318275
465,El Salvador,2018,6.276246071
466,Estonia,2006,5.3710546489999995
467,Estonia,2007,5.332044125
468,Estonia,2008,5.451937675
469,Estonia,2009,5.137738705
470,Estonia,2011,5.486819744
471,Estonia,2012,5.363927841000001
472,Estonia,2013,5.367445946
473,Estonia,2014,5.55598259
474,Estonia,2015,5.628908634
475,Estonia,2016,5.649675369
476,Estonia,2017,5.938395977000001
477,Estonia,2018,6.091302395
478,Ethiopia,2012,4.561168671
479,Ethiopia,2013,4.44482708
480,Ethiopia,2014,4.506646633
481,Ethiopia,2015,4.573154926
482,Ethiopia,2016,4.297848701
483,Ethiopia,2017,4.180315495
484,Ethiopia,2018,4.3792624469999994
485,Finland,2006,7.672449112000001
486,Finland,2008,7.67062664
487,Finland,2010,7.393264294
488,Finland,2011,7.354225158999999
489,Finland,2012,7.420209408
490,Finland,2013,7.444635868
491,Finland,2014,7.384571075
492,Finland,2015,7.447925568
493,Finland,2016,7.659843445
494,Finland,2017,7.788251877
495,Finland,2018,7.85810709
496,France,2005,7.093392849
497,France,2006,6.582700253
498,France,2008,7.008064747000001
499,France,2009,6.2834982870000005
500,France,2010,6.797901154
501,France,2011,6.959185122999999
502,France,2012,6.649365425
503,France,2013,6.66712141
504,France,2014,6.466867924
505,France,2015,6.357625007999999
506,France,2016,6.475208759
507,France,2017,6.635222435
508,France,2018,6.665903567999999
509,Gabon,2011,4.255400658
510,Gabon,2012,3.97205925
511,Gabon,2013,3.800287008
512,Gabon,2014,3.9180731769999997
513,Gabon,2015,4.66101265
514,Gabon,2016,4.831764221
515,Gabon,2017,4.782382965
516,Gabon,2018,4.783009052
517,Gambia,2017,4.117938995
518,Gambia,2018,4.922099113
519,Georgia,2006,3.675108433
520,Georgia,2007,3.7071945669999997
521,Georgia,2008,4.15609026
522,Georgia,2009,3.800639153
523,Georgia,2010,4.101837158
524,Georgia,2011,4.203030586000001
525,Georgia,2012,4.254445553
526,Georgia,2013,4.348920822
527,Georgia,2014,4.287508011
528,Georgia,2015,4.1219406130000005
529,Georgia,2016,4.448386192
530,Georgia,2017,4.45077467
531,Georgia,2018,4.659097195
532,Germany,2005,6.619549751
533,Germany,2007,6.4168195720000005
534,Germany,2008,6.521790028
535,Germany,2009,6.64149332
536,Germany,2010,6.724531174
537,Germany,2011,6.621312141000001
538,Germany,2012,6.7023620610000005
539,Germany,2013,6.965125083999999
540,Germany,2014,6.984214306
541,Germany,2015,7.037137508
542,Germany,2016,6.873763084
543,Germany,2017,7.0743246079999995
544,Germany,2018,7.118364334
545,Ghana,2006,4.535019875
546,Ghana,2007,5.220148087
547,Ghana,2008,4.965134621
548,Ghana,2009,4.197695732
549,Ghana,2010,4.606251717
550,Ghana,2011,5.608199596
551,Ghana,2012,5.0572619439999995
552,Ghana,2013,4.965053082
553,Ghana,2014,3.860351086
554,Ghana,2015,3.9859161380000003
555,Ghana,2016,4.514411449
556,Ghana,2017,5.481310843999999
557,Greece,2005,6.006309986000001
558,Greece,2007,6.646961212000001
559,Greece,2009,6.038574696
560,Greece,2010,5.839558601
561,Greece,2011,5.372039795
562,Greece,2012,5.0963540080000005
563,Greece,2013,4.720251083
564,Greece,2014,4.75623703
565,Greece,2015,5.622519016
566,Greece,2016,5.302619457
567,Greece,2017,5.14824152
568,Greece,2018,5.40928936
569,Guatemala,2006,5.901429176000001
570,Guatemala,2007,6.329581261
571,Guatemala,2008,6.414494513999999
572,Guatemala,2009,6.451916217999999
573,Guatemala,2010,6.289748669
574,Guatemala,2011,5.743353844
575,Guatemala,2012,5.855717182
576,Guatemala,2013,5.984601498
577,Guatemala,2014,6.536030769
578,Guatemala,2015,6.464986801
579,Guatemala,2016,6.358916282999999
580,Guatemala,2017,6.325118542
581,Guatemala,2018,6.626591682000001
582,Guinea,2011,4.044569492
583,Guinea,2012,3.651554823
584,Guinea,2013,3.9017930030000003
585,Guinea,2014,3.4124825
586,Guinea,2015,3.504693508
587,Guinea,2016,3.6028547289999997
588,Guinea,2017,4.873722553
589,Guinea,2018,5.25222683
590,Guyana,2007,5.992826462000001
591,Haiti,2006,3.754156113
592,Haiti,2008,3.8463292119999997
593,Haiti,2010,3.76599884
594,Haiti,2011,4.844573975
595,Haiti,2012,4.4134750369999995
596,Haiti,2013,4.62196207
597,Haiti,2014,3.888778448
598,Haiti,2015,3.569762468
599,Haiti,2016,3.3523001669999997
600,Haiti,2017,3.823865652
601,Haiti,2018,3.614928007
602,Honduras,2006,5.396519661
603,Honduras,2007,5.09715414
604,Honduras,2008,5.420331001
605,Honduras,2009,6.033189297000001
606,Honduras,2010,5.866131306000001
607,Honduras,2011,4.961031437
608,Honduras,2012,4.602218151000001
609,Honduras,2013,4.713358402
610,Honduras,2014,5.055726051000001
611,Honduras,2015,4.845436573
612,Honduras,2016,5.648154736
613,Honduras,2017,6.019985676
614,Honduras,2018,5.908423901
615,Hong Kong S.A.R. of China,2006,5.511187077000001
616,Hong Kong S.A.R. of China,2008,5.137261868
617,Hong Kong S.A.R. of China,2009,5.397055626
618,Hong Kong S.A.R. of China,2010,5.6428346629999995
619,Hong Kong S.A.R. of China,2011,5.474010944
620,Hong Kong S.A.R. of China,2012,5.483764647999999
621,Hong Kong S.A.R. of China,2014,5.458050728
622,Hong Kong S.A.R. of China,2016,5.498420715
623,Hong Kong S.A.R. of China,2017,5.362474918
624,Hungary,2005,5.193933487
625,Hungary,2007,4.953917027
626,Hungary,2009,4.894600391
627,Hungary,2010,4.725132465
628,Hungary,2011,4.917602539
629,Hungary,2012,4.683358192
630,Hungary,2013,4.914466858
631,Hungary,2014,5.18056345
632,Hungary,2015,5.34438324
633,Hungary,2016,5.448901652999999
634,Hungary,2017,6.065038681
635,Iceland,2008,6.888284206
636,Iceland,2012,7.590660095
637,Iceland,2013,7.501394272000001
638,Iceland,2015,7.498070717
639,Iceland,2016,7.510034561
640,Iceland,2017,7.476213932
641,India,2006,5.348258972
642,India,2007,5.02679348
643,India,2008,5.145833015
644,India,2009,4.521517754
645,India,2010,4.989277363
646,India,2011,4.634871483
647,India,2012,4.720146656
648,India,2013,4.427788734
649,India,2014,4.424379349
650,India,2015,4.342079163
651,India,2016,4.179177284
652,India,2017,4.046111107
653,India,2018,3.818068743
654,Indonesia,2006,4.946978092
655,Indonesia,2007,5.101213932
656,Indonesia,2008,4.815309525
657,Indonesia,2009,5.4723610879999995
658,Indonesia,2010,5.457299232
659,Indonesia,2011,5.172608376
660,Indonesia,2012,5.36777401
661,Indonesia,2013,5.292237759
662,Indonesia,2014,5.597375392999999
663,Indonesia,2015,5.04279995
664,Indonesia,2016,5.136325359
665,Indonesia,2017,5.098401546
666,Indonesia,2018,5.340295792
667,Iran,2005,5.308190346
668,Iran,2007,5.336371422
669,Iran,2008,5.128988266
670,Iran,2011,4.767507076
671,Iran,2012,4.608927727
672,Iran,2013,5.139579296
673,Iran,2014,4.682224274
674,Iran,2015,4.749955654
675,Iran,2016,4.652730942
676,Iran,2017,4.716783047
677,Iran,2018,4.278117657
678,Iraq,2008,4.589844704
679,Iraq,2009,4.775316715
680,Iraq,2010,5.065462112
681,Iraq,2011,4.725366116
682,Iraq,2012,4.659508705
683,Iraq,2013,4.725017071
684,Iraq,2014,4.541502476000001
685,Iraq,2015,4.493377209
686,Iraq,2016,4.4125370980000005
687,Iraq,2017,4.462399006
688,Ireland,2006,7.144246578
689,Ireland,2008,7.568029881
690,Ireland,2009,7.045911312
691,Ireland,2010,7.257389545
692,Ireland,2011,7.006904125
693,Ireland,2012,6.964645386
694,Ireland,2013,6.760085106
695,Ireland,2014,7.018379211
696,Ireland,2015,6.830125332000001
697,Ireland,2016,7.04073143
698,Ireland,2017,7.060155392
699,Ireland,2018,6.962335587
700,Israel,2006,7.173417091
701,Israel,2007,6.841114997999999
702,Israel,2008,7.261261462999999
703,Israel,2009,7.3529791829999995
704,Israel,2010,7.358916282999999
705,Israel,2011,7.433147907
706,Israel,2012,7.110854626
707,Israel,2013,7.320563316
708,Israel,2014,7.400570393
709,Israel,2015,7.07941103
710,Israel,2016,7.159010887000001
711,Israel,2017,7.3310360910000005
712,Israel,2018,6.92717886
713,Italy,2005,6.853783607
714,Italy,2007,6.574412346
715,Italy,2008,6.779774188999999
716,Italy,2009,6.3338003160000005
717,Italy,2010,6.354238033
718,Italy,2011,6.057086468
719,Italy,2012,5.8393139839999995
720,Italy,2013,6.009373665
721,Italy,2014,6.026585102
722,Italy,2015,5.847683907
723,Italy,2016,5.95452404
724,Italy,2017,6.198870182
725,Italy,2018,6.516526699
726,Ivory Coast,2009,4.197181702
727,Ivory Coast,2013,3.739365578
728,Ivory Coast,2014,3.570368528
729,Ivory Coast,2015,4.445038795
730,Ivory Coast,2016,4.542545795
731,Ivory Coast,2017,5.037734985
732,Ivory Coast,2018,5.26837492
733,Jamaica,2006,6.207881927000001
734,Jamaica,2011,5.374446392
735,Jamaica,2013,5.708886623
736,Jamaica,2014,5.310538769
737,Jamaica,2017,5.889759064
738,Japan,2005,6.515817165
739,Japan,2007,6.238197802999999
740,Japan,2008,5.91067934
741,Japan,2009,5.844999313
742,Japan,2010,6.056752682000001
743,Japan,2011,6.262793541000001
744,Japan,2012,5.968216419
745,Japan,2013,5.959361553
746,Japan,2014,5.922620772999999
747,Japan,2015,5.879684448
748,Japan,2016,5.954650879
749,Japan,2017,5.910676479
750,Japan,2018,5.793575287
751,Jordan,2005,6.294660091
752,Jordan,2007,5.59805727
753,Jordan,2008,4.930058002
754,Jordan,2009,5.999859333
755,Jordan,2010,5.569942473999999
756,Jordan,2011,5.539327621
757,Jordan,2012,5.131996155
758,Jordan,2013,5.171952724
759,Jordan,2014,5.333021641
760,Jordan,2015,5.404593468
761,Jordan,2016,5.27128458
762,Jordan,2017,4.808082581
763,Jordan,2018,4.638933659
764,Kazakhstan,2006,5.475948334
765,Kazakhstan,2007,5.718553543
766,Kazakhstan,2008,5.886419772999999
767,Kazakhstan,2009,5.382563114
768,Kazakhstan,2010,5.514286518
769,Kazakhstan,2011,5.735662937000001
770,Kazakhstan,2012,5.759469509
771,Kazakhstan,2013,5.835483074
772,Kazakhstan,2014,5.970097542
773,Kazakhstan,2015,5.949995041
774,Kazakhstan,2016,5.533551693
775,Kazakhstan,2017,5.882351398
776,Kazakhstan,2018,6.00763607
777,Kenya,2006,4.223234177
778,Kenya,2007,4.575657845
779,Kenya,2008,4.015274525
780,Kenya,2009,4.2704348560000005
781,Kenya,2010,4.255859375
782,Kenya,2011,4.4053101539999995
783,Kenya,2012,4.547335148
784,Kenya,2013,3.795383215
785,Kenya,2014,4.904579639
786,Kenya,2015,4.357617855
787,Kenya,2016,4.396127701
788,Kenya,2017,4.475654125
789,Kenya,2018,4.655702591
790,Kosovo,2007,5.103906155
791,Kosovo,2008,5.521659851
792,Kosovo,2009,5.891432762000001
793,Kosovo,2010,5.17660141
794,Kosovo,2011,4.859501839
795,Kosovo,2012,5.639588356
796,Kosovo,2013,6.125758171
797,Kosovo,2014,5.000375271
798,Kosovo,2015,5.077460766000001
799,Kosovo,2016,5.759412289
800,Kosovo,2017,6.149199962999999
801,Kosovo,2018,6.391825676
802,Kuwait,2006,6.075547218
803,Kuwait,2009,6.585246086000001
804,Kuwait,2010,6.798151016
805,Kuwait,2011,6.377699375
806,Kuwait,2012,6.221094608
807,Kuwait,2013,6.480031013
808,Kuwait,2014,6.180138587999999
809,Kuwait,2015,6.1460318570000005
810,Kuwait,2016,5.947194576
811,Kuwait,2017,6.093905449
812,Kyrgyzstan,2006,4.641398907
813,Kyrgyzstan,2007,4.697761536000001
814,Kyrgyzstan,2008,4.736588001
815,Kyrgyzstan,2009,5.06905365
816,Kyrgyzstan,2010,4.996410847
817,Kyrgyzstan,2011,4.921049118
818,Kyrgyzstan,2012,5.207785606
819,Kyrgyzstan,2013,5.40242672
820,Kyrgyzstan,2014,5.252192974
821,Kyrgyzstan,2015,4.9053759569999995
822,Kyrgyzstan,2016,4.856534003999999
823,Kyrgyzstan,2017,5.6295366289999995
824,Kyrgyzstan,2018,5.297383308
825,Laos,2006,5.0762257580000005
826,Laos,2007,5.363854885
827,Laos,2008,5.044098854
828,Laos,2011,4.7037496569999995
829,Laos,2012,4.876084805
830,Laos,2017,4.623140812
831,Laos,2018,4.85940218
832,Latvia,2006,4.70950222
833,Latvia,2007,4.666971684
834,Latvia,2008,5.145375252
835,Latvia,2009,4.668910503
836,Latvia,2011,4.966811657
837,Latvia,2012,5.125025272
838,Latvia,2013,5.069770336
839,Latvia,2014,5.729115486
840,Latvia,2015,5.880597591
841,Latvia,2016,5.940446377000001
842,Latvia,2017,5.977817535
843,Latvia,2018,5.901154041
844,Lebanon,2005,5.49124527
845,Lebanon,2006,4.653103828
846,Lebanon,2008,4.594851017
847,Lebanon,2009,5.205998898
848,Lebanon,2010,5.031899452
849,Lebanon,2011,5.187571526
850,Lebanon,2012,4.572566986
851,Lebanon,2013,4.983288765
852,Lebanon,2014,5.233025551
853,Lebanon,2015,5.171971321
854,Lebanon,2016,5.27072382
855,Lebanon,2017,5.153989792
856,Lebanon,2018,5.167186737
857,Lesotho,2011,4.89751482
858,Lesotho,2016,3.8082048889999998
859,Lesotho,2017,3.795300722
860,Liberia,2007,3.7014012339999995
861,Liberia,2008,4.2213540080000005
862,Liberia,2010,4.196063042
863,Liberia,2014,4.571419239
864,Liberia,2015,2.701591253
865,Liberia,2016,3.354676008
866,Liberia,2017,4.424490929
867,Liberia,2018,4.134852886
868,Libya,2012,5.754394054
869,Libya,2015,5.615404606
870,Libya,2016,5.43358326
871,Libya,2017,5.646852493
872,Libya,2018,5.493977547
873,Lithuania,2006,5.954442977999999
874,Lithuania,2007,5.80828476
875,Lithuania,2008,5.553925991
876,Lithuania,2009,5.4669208529999995
877,Lithuania,2010,5.065824986
878,Lithuania,2011,5.43243742
879,Lithuania,2012,5.771037102
880,Lithuania,2013,5.595689297000001
881,Lithuania,2014,6.125723839
882,Lithuania,2015,5.711378098
883,Lithuania,2016,5.865552425
884,Lithuania,2017,6.272940636
885,Lithuania,2018,6.308878899
886,Luxembourg,2009,6.957920074
887,Luxembourg,2010,7.097251892
888,Luxembourg,2011,7.101400375
889,Luxembourg,2012,6.964097023
890,Luxembourg,2013,7.130809307000001
891,Luxembourg,2014,6.89112711
892,Luxembourg,2015,6.701571465
893,Luxembourg,2016,6.967340946
894,Luxembourg,2017,7.061380862999999
895,Luxembourg,2018,7.2426309589999995
896,Macedonia,2007,4.493598461
897,Macedonia,2009,4.428021908
898,Macedonia,2010,4.180202007
899,Macedonia,2011,4.898180008
900,Macedonia,2012,4.639647484
901,Macedonia,2013,5.186190605
902,Macedonia,2014,5.203825951000001
903,Macedonia,2015,4.975589752
904,Macedonia,2016,5.34574604
905,Macedonia,2017,5.233866692
906,Macedonia,2018,5.239834785
907,Madagascar,2006,3.979751348
908,Madagascar,2008,4.640079021
909,Madagascar,2011,4.381415367
910,Madagascar,2012,3.5506095889999996
911,Madagascar,2013,3.815607071
912,Madagascar,2014,3.6756269930000003
913,Madagascar,2015,3.592514038
914,Madagascar,2016,3.663085938
915,Madagascar,2017,4.078620433999999
916,Madagascar,2018,4.070586681
917,Malawi,2006,3.829868078
918,Malawi,2007,4.89103651
919,Malawi,2009,5.148239613
920,Malawi,2011,3.946062565
921,Malawi,2012,4.279269695
922,Malawi,2013,4.035084248
923,Malawi,2014,4.563080311
924,Malawi,2015,3.86763835
925,Malawi,2016,3.4764926430000003
926,Malawi,2017,3.416862965
927,Malawi,2018,3.3346335889999996
928,Malaysia,2006,6.011716842999999
929,Malaysia,2007,6.238904476
930,Malaysia,2008,5.806781769
931,Malaysia,2009,5.384701729
932,Malaysia,2010,5.580281734
933,Malaysia,2011,5.786367416
934,Malaysia,2012,5.914283752
935,Malaysia,2013,5.770199776
936,Malaysia,2014,5.962921618999999
937,Malaysia,2015,6.3221211429999995
938,Malaysia,2018,5.338817596
939,Mali,2006,4.014075756
940,Mali,2008,4.114664078000001
941,Mali,2009,3.9765985010000002
942,Mali,2010,3.7623050210000004
943,Mali,2011,4.6668329239999995
944,Mali,2012,4.313016891
945,Mali,2013,3.6762771610000002
946,Mali,2014,3.9747142789999996
947,Mali,2015,4.582098483999999
948,Mali,2016,4.016027927
949,Mali,2017,4.741850376
950,Mali,2018,4.415729523
951,Malta,2009,6.32763958
952,Malta,2010,5.77387476
953,Malta,2011,6.154718399
954,Malta,2012,5.962872028
955,Malta,2013,6.379924774
956,Malta,2014,6.45211792
957,Malta,2015,6.61339426
958,Malta,2016,6.590842247
959,Malta,2017,6.675665855
960,Malta,2018,6.909710884
961,Mauritania,2007,4.1490430830000005
962,Mauritania,2008,4.248075008
963,Mauritania,2009,4.500431538
964,Mauritania,2010,4.772306919
965,Mauritania,2011,4.784804343999999
966,Mauritania,2012,4.673203945
967,Mauritania,2013,4.199015141
968,Mauritania,2014,4.4828052519999995
969,Mauritania,2015,3.922664165
970,Mauritania,2016,4.472149372
971,Mauritania,2017,4.6781597139999995
972,Mauritania,2018,4.3136153219999995
973,Mauritius,2011,5.477073193
974,Mauritius,2014,5.6477799420000006
975,Mauritius,2016,5.610003471000001
976,Mauritius,2017,6.174117565
977,Mauritius,2018,5.88174057
978,Mexico,2005,6.580657959
979,Mexico,2007,6.525378227000001
980,Mexico,2008,6.829036236
981,Mexico,2009,6.962819099
982,Mexico,2010,6.802388668
983,Mexico,2011,6.909515381
984,Mexico,2012,7.320185184
985,Mexico,2013,7.4425463679999995
986,Mexico,2014,6.679831028
987,Mexico,2015,6.236287117000001
988,Mexico,2016,6.824172974
989,Mexico,2017,6.410299301
990,Mexico,2018,6.5495786670000005
991,Moldova,2006,5.102071285
992,Moldova,2007,4.774918079
993,Moldova,2008,5.502756119
994,Moldova,2009,5.5543742179999995
995,Moldova,2010,5.589736462
996,Moldova,2011,5.792262554
997,Moldova,2012,5.995712757000001
998,Moldova,2013,5.75605917
999,Moldova,2014,5.917058468
1000,Moldova,2015,6.0174722670000005
1001,Moldova,2016,5.577784061
1002,Moldova,2017,5.325530529
1003,Moldova,2018,5.682277203
1004,Mongolia,2007,4.6090593339999995
1005,Mongolia,2008,4.493010044
1006,Mongolia,2010,4.585523605
1007,Mongolia,2011,5.031173706000001
1008,Mongolia,2012,4.885150433
1009,Mongolia,2013,4.912928104
1010,Mongolia,2014,4.824834824
1011,Mongolia,2015,4.982719898
1012,Mongolia,2016,5.056999683
1013,Mongolia,2017,5.333850384
1014,Mongolia,2018,5.464622974
1015,Montenegro,2007,5.196315289
1016,Montenegro,2009,4.8010602
1017,Montenegro,2010,5.455030441
1018,Montenegro,2011,5.223116875
1019,Montenegro,2012,5.218724251
1020,Montenegro,2013,5.074341774
1021,Montenegro,2014,5.282720566
1022,Montenegro,2015,5.124921322
1023,Montenegro,2016,5.3040661810000005
1024,Montenegro,2017,5.614798546
1025,Montenegro,2018,5.650189877000001
1026,Morocco,2010,4.383247375
1027,Morocco,2011,5.084972858
1028,Morocco,2012,4.969656467
1029,Morocco,2013,5.142160416
1030,Morocco,2015,5.163156986000001
1031,Morocco,2016,5.38630724
1032,Morocco,2017,5.312482834
1033,Morocco,2018,4.896791935
1034,Mozambique,2006,4.594879627
1035,Mozambique,2007,4.832634926
1036,Mozambique,2008,4.65358305
1037,Mozambique,2011,4.971111774
1038,Mozambique,2015,4.549767494
1039,Mozambique,2017,4.279863358
1040,Mozambique,2018,4.653713703
1041,Myanmar,2012,4.438939571000001
1042,Myanmar,2013,4.175670623999999
1043,Myanmar,2014,4.786247253
1044,Myanmar,2015,4.2238464360000005
1045,Myanmar,2016,4.623119831
1046,Myanmar,2017,4.1543416980000005
1047,Myanmar,2018,4.410633087
1048,Namibia,2007,4.885587215
1049,Namibia,2014,4.573991298999999
1050,Namibia,2017,4.441306114
1051,Namibia,2018,4.834087848999999
1052,Nepal,2006,4.566594601
1053,Nepal,2007,4.74828434
1054,Nepal,2008,4.440526485
1055,Nepal,2009,4.91686821
1056,Nepal,2010,4.349675179
1057,Nepal,2011,3.809444666
1058,Nepal,2012,4.233244896
1059,Nepal,2013,4.6045765880000005
1060,Nepal,2014,4.975014687
1061,Nepal,2015,4.812436581
1062,Nepal,2016,5.099539757
1063,Nepal,2017,4.736692429
1064,Nepal,2018,4.910086632
1065,Netherlands,2005,7.463979244
1066,Netherlands,2007,7.4518795010000005
1067,Netherlands,2008,7.631011963
1068,Netherlands,2010,7.501875877000001
1069,Netherlands,2011,7.563797951000001
1070,Netherlands,2012,7.470715522999999
1071,Netherlands,2013,7.406550407
1072,Netherlands,2014,7.32118845
1073,Netherlands,2015,7.324437141000001
1074,Netherlands,2016,7.540877342000001
1075,Netherlands,2017,7.458965302
1076,Netherlands,2018,7.463097095
1077,New Zealand,2006,7.305014132999999
1078,New Zealand,2007,7.6041731829999994
1079,New Zealand,2008,7.38117075
1080,New Zealand,2010,7.223756312999999
1081,New Zealand,2011,7.190638065
1082,New Zealand,2012,7.249629973999999
1083,New Zealand,2013,7.280151844
1084,New Zealand,2014,7.3058924670000005
1085,New Zealand,2015,7.418120861
1086,New Zealand,2016,7.225687981
1087,New Zealand,2017,7.32718277
1088,New Zealand,2018,7.370285987999999
1089,Nicaragua,2006,4.460158348
1090,Nicaragua,2007,4.944090843
1091,Nicaragua,2008,5.103827477
1092,Nicaragua,2009,5.352804661
1093,Nicaragua,2010,5.68669939
1094,Nicaragua,2011,5.3857054710000005
1095,Nicaragua,2012,5.448006153
1096,Nicaragua,2013,5.772274971
1097,Nicaragua,2014,6.2752666470000005
1098,Nicaragua,2015,5.924112797
1099,Nicaragua,2016,6.012739657999999
1100,Nicaragua,2017,6.476356506
1101,Nicaragua,2018,5.81895256
1102,Niger,2006,3.736951828
1103,Niger,2007,4.277402401
1104,Niger,2008,4.235657215
1105,Niger,2009,4.267169952
1106,Niger,2010,4.101016045
1107,Niger,2011,4.555829525
1108,Niger,2012,3.798088312
1109,Niger,2013,3.716329813
1110,Niger,2014,4.180943489
1111,Niger,2015,3.6714537139999996
1112,Niger,2016,4.234645844
1113,Niger,2017,4.615673542
1114,Niger,2018,5.164007187
1115,Nigeria,2006,4.709745884
1116,Nigeria,2007,4.8904194830000005
1117,Nigeria,2008,4.938560486
1118,Nigeria,2009,4.980220318
1119,Nigeria,2010,4.760275841
1120,Nigeria,2012,5.492954254
1121,Nigeria,2013,4.81786871
1122,Nigeria,2015,4.932914734
1123,Nigeria,2016,5.219567776
1124,Nigeria,2017,5.321928024
1125,Nigeria,2018,5.252288342
1126,North Cyprus,2012,5.463305472999999
1127,North Cyprus,2013,5.566802502000001
1128,North Cyprus,2014,5.785978794
1129,North Cyprus,2015,5.842550277999999
1130,North Cyprus,2016,5.827127934
1131,North Cyprus,2018,5.608056068
1132,Norway,2006,7.415682316
1133,Norway,2008,7.6322875020000005
1134,Norway,2012,7.678277016
1135,Norway,2014,7.444470882
1136,Norway,2015,7.603433609
1137,Norway,2016,7.596331596000001
1138,Norway,2017,7.578744887999999
1139,Norway,2018,7.444262028
1140,Oman,2011,6.852982044
1141,Pakistan,2005,5.2246575360000005
1142,Pakistan,2007,5.671460628999999
1143,Pakistan,2008,4.413918972
1144,Pakistan,2009,5.2081465719999995
1145,Pakistan,2010,5.786132812999999
1146,Pakistan,2011,5.267186165
1147,Pakistan,2012,5.131565094
1148,Pakistan,2013,5.138082504
1149,Pakistan,2014,5.435657977999999
1150,Pakistan,2015,4.823194981
1151,Pakistan,2016,5.5485081670000005
1152,Pakistan,2017,5.8308706279999996
1153,Pakistan,2018,5.471553802000001
1154,Palestinian Territories,2006,4.716387749
1155,Palestinian Territories,2007,4.151053905
1156,Palestinian Territories,2008,4.3856034280000005
1157,Palestinian Territories,2009,4.4701914789999995
1158,Palestinian Territories,2010,4.702603817
1159,Palestinian Territories,2011,4.751219749
1160,Palestinian Territories,2012,4.646608353
1161,Palestinian Territories,2013,4.844027996
1162,Palestinian Territories,2014,4.721938133
1163,Palestinian Territories,2015,4.695239067
1164,Palestinian Territories,2016,4.906618118
1165,Palestinian Territories,2017,4.62813282
1166,Palestinian Territories,2018,4.5539217
1167,Panama,2006,6.127988338
1168,Panama,2007,6.894139767
1169,Panama,2008,6.930903435
1170,Panama,2009,7.033740044
1171,Panama,2010,7.3214673999999995
1172,Panama,2011,7.24808073
1173,Panama,2012,6.859835625
1174,Panama,2013,6.86648035
1175,Panama,2014,6.631171227
1176,Panama,2015,6.605550289
1177,Panama,2016,6.117638111000001
1178,Panama,2017,6.567658901000001
1179,Panama,2018,6.2814340589999995
1180,Paraguay,2006,4.730082035
1181,Paraguay,2007,5.2724614139999995
1182,Paraguay,2008,5.570061684
1183,Paraguay,2009,5.576147079
1184,Paraguay,2010,5.841174126
1185,Paraguay,2011,5.677080631
1186,Paraguay,2012,5.820058346000001
1187,Paraguay,2013,5.9362406729999995
1188,Paraguay,2014,5.118641853
1189,Paraguay,2015,5.559724331
1190,Paraguay,2016,5.8013801570000005
1191,Paraguay,2017,5.71329546
1192,Peru,2006,4.810845375
1193,Peru,2007,5.213962078
1194,Peru,2008,5.1292309760000006
1195,Peru,2009,5.518846989
1196,Peru,2010,5.612785338999999
1197,Peru,2011,5.892457485
1198,Peru,2012,5.824557304
1199,Peru,2013,5.782557487
1200,Peru,2014,5.865815639
1201,Peru,2015,5.577263355
1202,Peru,2016,5.7006287570000005
1203,Peru,2017,5.710936546
1204,Peru,2018,5.679661274
1205,Philippines,2006,4.669945717
1206,Philippines,2007,5.073562145
1207,Philippines,2008,4.589065075
1208,Philippines,2009,4.879910946
1209,Philippines,2010,4.941514015
1210,Philippines,2011,4.9939565660000005
1211,Philippines,2012,5.0019650460000005
1212,Philippines,2013,4.976925373
1213,Philippines,2014,5.312550068
1214,Philippines,2015,5.547489166
1215,Philippines,2016,5.430832862999999
1216,Philippines,2017,5.594270229
1217,Philippines,2018,5.869172572999999
1218,Poland,2005,5.587209225
1219,Poland,2007,5.886137486
1220,Poland,2009,5.7720274929999995
1221,Poland,2010,5.8870296479999995
1222,Poland,2011,5.646204947999999
1223,Poland,2012,5.87593174
1224,Poland,2013,5.746131897000001
1225,Poland,2014,5.750282287999999
1226,Poland,2015,6.007021904
1227,Poland,2016,6.162076473
1228,Poland,2017,6.201268196
1229,Portugal,2006,5.405246257999999
1230,Portugal,2008,5.716966629
1231,Portugal,2010,5.094525814
1232,Portugal,2011,5.2199978830000004
1233,Portugal,2012,4.9939622880000005
1234,Portugal,2013,5.157688141
1235,Portugal,2014,5.12691164
1236,Portugal,2015,5.080866337
1237,Portugal,2016,5.446637153999999
1238,Portugal,2017,5.711499214
1239,Portugal,2018,5.9198226929999995
1240,Qatar,2009,6.4178242679999995
1241,Qatar,2010,6.849652767
1242,Qatar,2011,6.591604232999999
1243,Qatar,2012,6.611298561
1244,Qatar,2015,6.3745293620000005
1245,Romania,2005,5.048648357
1246,Romania,2007,5.393723965
1247,Romania,2009,5.367565155
1248,Romania,2010,4.909165859
1249,Romania,2011,5.02275753
1250,Romania,2012,5.1668748860000004
1251,Romania,2013,5.081584454
1252,Romania,2014,5.726893425
1253,Romania,2015,5.777491092999999
1254,Romania,2016,5.96887064
1255,Romania,2017,6.089904785
1256,Romania,2018,6.150878906
1257,Russia,2006,4.963742733
1258,Russia,2007,5.2228674889999995
1259,Russia,2008,5.61875391
1260,Russia,2009,5.158227921
1261,Russia,2010,5.384773254
1262,Russia,2011,5.388766288999999
1263,Russia,2012,5.620735645
1264,Russia,2013,5.537177562999999
1265,Russia,2014,6.036976814
1266,Russia,2015,5.995538712
1267,Russia,2016,5.85494566
1268,Russia,2017,5.578742981
1269,Russia,2018,5.513500214
1270,Rwanda,2006,4.21470356
1271,Rwanda,2008,4.362988949
1272,Rwanda,2009,4.029761791
1273,Rwanda,2011,4.0974359510000005
1274,Rwanda,2012,3.333047867
1275,Rwanda,2013,3.466387749
1276,Rwanda,2014,3.5956783289999996
1277,Rwanda,2015,3.483108997
1278,Rwanda,2016,3.332989931
1279,Rwanda,2017,3.10837388
1280,Rwanda,2018,3.5610466
1281,Saudi Arabia,2005,7.079644202999999
1282,Saudi Arabia,2007,7.266694069
1283,Saudi Arabia,2008,6.811370373
1284,Saudi Arabia,2009,6.14759016
1285,Saudi Arabia,2010,6.307098389
1286,Saudi Arabia,2011,6.699789524
1287,Saudi Arabia,2012,6.396359444
1288,Saudi Arabia,2013,6.495132923
1289,Saudi Arabia,2014,6.27837801
1290,Saudi Arabia,2015,6.3454918860000005
1291,Saudi Arabia,2016,6.473921299
1292,Saudi Arabia,2017,6.2942824360000005
1293,Saudi Arabia,2018,6.356393337
1294,Senegal,2006,4.417352676
1295,Senegal,2007,4.679986953999999
1296,Senegal,2008,4.683499813
1297,Senegal,2009,4.335114002
1298,Senegal,2010,4.372156143
1299,Senegal,2011,3.8342015739999997
1300,Senegal,2012,3.668736935
1301,Senegal,2013,3.647367001
1302,Senegal,2014,4.394777298
1303,Senegal,2015,4.61700058
1304,Senegal,2016,4.59453392
1305,Senegal,2017,4.683024883
1306,Senegal,2018,4.769377232
1307,Serbia,2007,4.750383854
1308,Serbia,2009,4.380311966
1309,Serbia,2010,4.461304188
1310,Serbia,2011,4.815186501
1311,Serbia,2012,5.154521942
1312,Serbia,2013,5.101840496
1313,Serbia,2014,5.112728596
1314,Serbia,2015,5.317685127
1315,Serbia,2016,5.752754688
1316,Serbia,2017,5.122031212
1317,Serbia,2018,5.9364933970000004
1318,Sierra Leone,2006,3.628185034
1319,Sierra Leone,2007,3.585127354
1320,Sierra Leone,2008,2.9972510339999996
1321,Sierra Leone,2010,4.133955956
1322,Sierra Leone,2011,4.501643658
1323,Sierra Leone,2013,4.514291286000001
1324,Sierra Leone,2014,4.499970436
1325,Sierra Leone,2015,4.908617973
1326,Sierra Leone,2016,4.732953072
1327,Sierra Leone,2017,4.089562416000001
1328,Sierra Leone,2018,4.305683136
1329,Singapore,2006,6.462702751
1330,Singapore,2007,6.833754539
1331,Singapore,2008,6.6419568060000005
1332,Singapore,2009,6.144676685
1333,Singapore,2010,6.531401634
1334,Singapore,2011,6.561041832000001
1335,Singapore,2013,6.53320694
1336,Singapore,2014,7.0623645779999995
1337,Singapore,2015,6.619524956
1338,Singapore,2016,6.033480644
1339,Singapore,2017,6.378437996000001
1340,Singapore,2018,6.374564171
1341,Slovakia,2006,5.264676571
1342,Slovakia,2010,6.052223206
1343,Slovakia,2011,5.945048332000001
1344,Slovakia,2012,5.91105938
1345,Slovakia,2013,5.936527252
1346,Slovakia,2014,6.1388731
1347,Slovakia,2015,6.162004471
1348,Slovakia,2016,5.993163109
1349,Slovakia,2017,6.3655090329999995
1350,Slovakia,2018,6.23511076
1351,Slovenia,2006,5.811264515
1352,Slovenia,2009,5.830160618
1353,Slovenia,2010,6.082555294
1354,Slovenia,2011,6.035964012000001
1355,Slovenia,2012,6.062891006
1356,Slovenia,2013,5.974888802000001
1357,Slovenia,2014,5.678395271
1358,Slovenia,2015,5.740642071
1359,Slovenia,2016,5.936821461
1360,Slovenia,2017,6.1668376920000005
1361,Slovenia,2018,6.249419212
1362,Somalia,2014,5.528272629
1363,Somalia,2015,5.353644848
1364,Somalia,2016,4.6679410930000005
1365,Somaliland region,2009,4.991399765
1366,Somaliland region,2010,4.657363415
1367,Somaliland region,2011,4.930571556
1368,Somaliland region,2012,5.057314396000001
1369,South Africa,2006,5.083986759
1370,South Africa,2007,5.2044544219999995
1371,South Africa,2008,5.346306801
1372,South Africa,2009,5.218430996
1373,South Africa,2010,4.652428627
1374,South Africa,2011,4.930511475
1375,South Africa,2012,5.133887768
1376,South Africa,2013,3.660727262
1377,South Africa,2014,4.828456402
1378,South Africa,2015,4.887325764
1379,South Africa,2016,4.769739628
1380,South Africa,2017,4.513655186
1381,South Africa,2018,4.8839220999999995
1382,South Korea,2006,5.332177639
1383,South Korea,2007,5.76727581
1384,South Korea,2008,5.389624596
1385,South Korea,2009,5.647689819
1386,South Korea,2010,6.1160244939999995
1387,South Korea,2011,6.9465990070000005
1388,South Korea,2012,6.003286838999999
1389,South Korea,2013,5.958809852999999
1390,South Korea,2014,5.801325321
1391,South Korea,2015,5.780211448999999
1392,South Korea,2016,5.970564365
1393,South Korea,2017,5.8738870620000005
1394,South Korea,2018,5.840231419
1395,South Sudan,2014,3.831992388
1396,South Sudan,2015,4.070771217
1397,South Sudan,2016,2.888112307
1398,South Sudan,2017,2.8166224960000004
1399,Spain,2005,7.152785777999999
1400,Spain,2007,6.994614601
1401,Spain,2008,7.2944726939999995
1402,Spain,2009,6.198601246
1403,Spain,2010,6.188262462999999
1404,Spain,2011,6.518249035
1405,Spain,2012,6.290690422000001
1406,Spain,2013,6.150027275
1407,Spain,2014,6.456477642
1408,Spain,2015,6.380663395
1409,Spain,2016,6.318612099
1410,Spain,2017,6.230173111
1411,Spain,2018,6.513370991
1412,Sri Lanka,2006,4.344610691000001
1413,Sri Lanka,2007,4.414805412
1414,Sri Lanka,2008,4.430846214
1415,Sri Lanka,2009,4.212026596
1416,Sri Lanka,2010,3.976905107
1417,Sri Lanka,2011,4.180569172
1418,Sri Lanka,2012,4.224593163
1419,Sri Lanka,2013,4.364694118
1420,Sri Lanka,2014,4.267932892
1421,Sri Lanka,2015,4.611606598
1422,Sri Lanka,2017,4.330945492
1423,Sri Lanka,2018,4.400223255
1424,Sudan,2009,4.454917431
1425,Sudan,2010,4.435159683
1426,Sudan,2011,4.314456463
1427,Sudan,2012,4.550499439
1428,Sudan,2014,4.138672829
1429,Suriname,2012,6.269286632999999
1430,Swaziland,2011,4.867091179
1431,Swaziland,2018,4.211565018
1432,Sweden,2005,7.376315593999999
1433,Sweden,2007,7.241362572000001
1434,Sweden,2008,7.51599741
1435,Sweden,2009,7.265977382999999
1436,Sweden,2010,7.496018887000001
1437,Sweden,2011,7.382232189
1438,Sweden,2012,7.560147762000001
1439,Sweden,2013,7.434010506
1440,Sweden,2014,7.239147663
1441,Sweden,2015,7.28892231
1442,Sweden,2016,7.368744372999999
1443,Sweden,2017,7.286804676
1444,Sweden,2018,7.3747920989999995
1445,Switzerland,2006,7.473252773
1446,Switzerland,2009,7.524520873999999
1447,Switzerland,2012,7.776208877999999
1448,Switzerland,2014,7.492803574
1449,Switzerland,2015,7.572136878999999
1450,Switzerland,2016,7.458519936
1451,Switzerland,2017,7.473593235
1452,Switzerland,2018,7.508586884
1453,Syria,2008,5.32333231
1454,Syria,2009,4.9789705280000005
1455,Syria,2010,4.464707851
1456,Syria,2011,4.037889481000001
1457,Syria,2012,3.164491177
1458,Syria,2013,2.6875529289999998
1459,Syria,2015,3.46191287
1460,Taiwan Province of China,2006,6.1890501979999994
1461,Taiwan Province of China,2008,5.547682285
1462,Taiwan Province of China,2010,6.2285308839999995
1463,Taiwan Province of China,2011,6.308915138
1464,Taiwan Province of China,2012,6.1259169579999995
1465,Taiwan Province of China,2013,6.340344429
1466,Taiwan Province of China,2014,6.36349678
1467,Taiwan Province of China,2015,6.450088023999999
1468,Taiwan Province of China,2016,6.512850761
1469,Taiwan Province of China,2017,6.359450817000001
1470,Taiwan Province of China,2018,6.4670047760000005
1471,Tajikistan,2006,4.613099098
1472,Tajikistan,2007,4.431608677
1473,Tajikistan,2008,5.063986778
1474,Tajikistan,2009,4.575174809
1475,Tajikistan,2010,4.380636215
1476,Tajikistan,2011,4.262671471
1477,Tajikistan,2012,4.496571541000001
1478,Tajikistan,2013,4.966521263
1479,Tajikistan,2014,4.896157742
1480,Tajikistan,2015,5.124210835
1481,Tajikistan,2016,5.1037211419999995
1482,Tajikistan,2017,5.829234122999999
1483,Tanzania,2006,3.9224841589999997
1484,Tanzania,2007,4.3179497719999995
1485,Tanzania,2008,4.384741783
1486,Tanzania,2009,3.4075078960000003
1487,Tanzania,2010,3.2291290760000004
1488,Tanzania,2011,4.073562145
1489,Tanzania,2012,4.006897448999999
1490,Tanzania,2013,3.8523948189999997
1491,Tanzania,2014,3.483278513
1492,Tanzania,2015,3.660597324
1493,Tanzania,2016,2.90273428
1494,Tanzania,2017,3.347121239
1495,Tanzania,2018,3.445023298
1496,Thailand,2006,5.88543272
1497,Thailand,2007,5.783891201
1498,Thailand,2008,5.6364712720000005
1499,Thailand,2009,5.475645065
1500,Thailand,2010,6.216702937999999
1501,Thailand,2011,6.663609028
1502,Thailand,2012,6.300235271
1503,Thailand,2013,6.231024742000001
1504,Thailand,2014,6.985463619
1505,Thailand,2015,6.201762676
1506,Thailand,2016,6.07363987
1507,Thailand,2017,5.9388952260000005
1508,Thailand,2018,6.0115618710000005
1509,Togo,2006,3.202429295
1510,Togo,2008,2.8078551289999996
1511,Togo,2011,2.936220884
1512,Togo,2014,2.83895874
1513,Togo,2015,3.768301964
1514,Togo,2016,3.8785784239999996
1515,Togo,2017,4.360805035
1516,Togo,2018,4.022894859
1517,Trinidad and Tobago,2006,5.832188606
1518,Trinidad and Tobago,2008,6.696444035
1519,Trinidad and Tobago,2011,6.518745899
1520,Trinidad and Tobago,2013,6.167706966
1521,Trinidad and Tobago,2017,6.191859722
1522,Tunisia,2009,5.025470257
1523,Tunisia,2010,5.130520821
1524,Tunisia,2011,4.87648201
1525,Tunisia,2012,4.463531017
1526,Tunisia,2013,5.245604992
1527,Tunisia,2014,4.763594627
1528,Tunisia,2015,5.131611824
1529,Tunisia,2016,4.521453381000001
1530,Tunisia,2017,4.124342918
1531,Tunisia,2018,4.741132259
1532,Turkey,2005,4.718733788
1533,Turkey,2007,5.623471737000001
1534,Turkey,2008,5.118231773
1535,Turkey,2009,5.212841511000001
1536,Turkey,2010,5.490347385
1537,Turkey,2011,5.271944046000001
1538,Turkey,2012,5.309076309
1539,Turkey,2013,4.888177395
1540,Turkey,2014,5.5797944070000005
1541,Turkey,2015,5.514465332
1542,Turkey,2016,5.326221943
1543,Turkey,2017,5.607262135
1544,Turkey,2018,5.185689449
1545,Turkmenistan,2009,6.567713261000001
1546,Turkmenistan,2011,5.7917547229999995
1547,Turkmenistan,2012,5.463827133
1548,Turkmenistan,2013,5.391762732999999
1549,Turkmenistan,2014,5.787379265
1550,Turkmenistan,2015,5.791460037
1551,Turkmenistan,2016,5.887051582000001
1552,Turkmenistan,2017,5.229148865
1553,Turkmenistan,2018,4.620601654
1554,Uganda,2006,3.7335839269999997
1555,Uganda,2007,4.45583868
1556,Uganda,2008,4.568619251
1557,Uganda,2009,4.611985683
1558,Uganda,2010,4.192882061000001
1559,Uganda,2011,4.826001167
1560,Uganda,2012,4.309237957
1561,Uganda,2013,3.709578753
1562,Uganda,2014,3.769919157
1563,Uganda,2015,4.237686634
1564,Uganda,2016,4.233261108
1565,Uganda,2017,4.000516891
1566,Uganda,2018,4.321714878
1567,Ukraine,2006,4.803954124
1568,Ukraine,2007,5.25218153
1569,Ukraine,2008,5.172380447
1570,Ukraine,2009,5.1656394
1571,Ukraine,2010,5.057561398
1572,Ukraine,2011,5.083132743999999
1573,Ukraine,2012,5.030342102
1574,Ukraine,2013,4.710802555
1575,Ukraine,2014,4.2973299030000005
1576,Ukraine,2015,3.9645428660000004
1577,Ukraine,2016,4.0286903380000005
1578,Ukraine,2017,4.311067104
1579,Ukraine,2018,4.661909103
1580,United Arab Emirates,2006,6.734221935
1581,United Arab Emirates,2009,6.866062641
1582,United Arab Emirates,2010,7.097455502000001
1583,United Arab Emirates,2011,7.118701457999999
1584,United Arab Emirates,2012,7.217766762
1585,United Arab Emirates,2013,6.620951176
1586,United Arab Emirates,2014,6.539854527
1587,United Arab Emirates,2015,6.568397522000001
1588,United Arab Emirates,2016,6.83095026
1589,United Arab Emirates,2017,7.039419651
1590,United Arab Emirates,2018,6.603743552999999
1591,United Kingdom,2005,6.983556747000001
1592,United Kingdom,2007,6.801930904
1593,United Kingdom,2008,6.9864635470000005
1594,United Kingdom,2009,6.90654707
1595,United Kingdom,2010,7.029364108999999
1596,United Kingdom,2011,6.8692488670000005
1597,United Kingdom,2012,6.880784035
1598,United Kingdom,2013,6.918055057999999
1599,United Kingdom,2014,6.758147717000001
1600,United Kingdom,2015,6.515445232
1601,United Kingdom,2016,6.824283599999999
1602,United Kingdom,2017,7.103273392
1603,United Kingdom,2018,7.233445167999999
1604,United States,2006,7.18179369
1605,United States,2007,7.512687682999999
1606,United States,2008,7.280385971
1607,United States,2009,7.158032417
1608,United States,2010,7.16361618
1609,United States,2011,7.115138531
1610,United States,2012,7.026226997
1611,United States,2013,7.249285221
1612,United States,2014,7.151114464
1613,United States,2015,6.863946915
1614,United States,2016,6.803599834
1615,United States,2017,6.991759299999999
1616,United States,2018,6.882684707999999
1617,Uruguay,2006,5.7858681679999995
1618,Uruguay,2007,5.693945885
1619,Uruguay,2008,5.663869857999999
1620,Uruguay,2009,6.296222687
1621,Uruguay,2010,6.062010765
1622,Uruguay,2011,6.554047108
1623,Uruguay,2012,6.449728489
1624,Uruguay,2013,6.444464684
1625,Uruguay,2014,6.561443806000001
1626,Uruguay,2015,6.628080367999999
1627,Uruguay,2016,6.171485424
1628,Uruguay,2017,6.336009979
1629,Uruguay,2018,6.371714592000001
1630,Uzbekistan,2006,5.232322216
1631,Uzbekistan,2008,5.311368465
1632,Uzbekistan,2009,5.26072073
1633,Uzbekistan,2010,5.095342158999999
1634,Uzbekistan,2011,5.738744259
1635,Uzbekistan,2012,6.019331932
1636,Uzbekistan,2013,5.939986229
1637,Uzbekistan,2014,6.049212456
1638,Uzbekistan,2015,5.972364426
1639,Uzbekistan,2016,5.8925390239999995
1640,Uzbekistan,2017,6.421447754
1641,Uzbekistan,2018,6.205460072
1642,Venezuela,2005,7.169620991
1643,Venezuela,2006,6.525146007999999
1644,Venezuela,2008,6.257771492000001
1645,Venezuela,2009,7.188803196
1646,Venezuela,2010,7.47845459
1647,Venezuela,2011,6.579789162000001
1648,Venezuela,2012,7.066577435
1649,Venezuela,2013,6.552796364
1650,Venezuela,2014,6.136096478
1651,Venezuela,2015,5.568800448999999
1652,Venezuela,2016,4.041114807
1653,Venezuela,2017,5.070750713
1654,Venezuela,2018,5.005663395
1655,Vietnam,2006,5.293659687
1656,Vietnam,2007,5.421687603
1657,Vietnam,2008,5.480425358
1658,Vietnam,2009,5.304264545
1659,Vietnam,2010,5.295780659
1660,Vietnam,2011,5.767344475
1661,Vietnam,2012,5.53456974
1662,Vietnam,2013,5.022698879
1663,Vietnam,2014,5.084923267
1664,Vietnam,2015,5.076315403
1665,Vietnam,2016,5.0622673030000005
1666,Vietnam,2017,5.1752786639999995
1667,Vietnam,2018,5.295547009
1668,Yemen,2007,4.477132796999999
1669,Yemen,2009,4.809258938
1670,Yemen,2010,4.35031271
1671,Yemen,2011,3.7462556360000003
1672,Yemen,2012,4.0606007580000005
1673,Yemen,2013,4.217678547
1674,Yemen,2014,3.9679579730000003
1675,Yemen,2015,2.982673883
1676,Yemen,2016,3.825630903
1677,Yemen,2017,3.2535600660000004
1678,Yemen,2018,3.057513952
1679,Zambia,2006,4.824454783999999
1680,Zambia,2007,3.9982931610000003
1681,Zambia,2008,4.7302632330000005
1682,Zambia,2009,5.260360718
1683,Zambia,2011,4.99911356
1684,Zambia,2012,5.013374805
1685,Zambia,2013,5.243995667
1686,Zambia,2014,4.345837116
1687,Zambia,2015,4.843164444
1688,Zambia,2016,4.347543716000001
1689,Zambia,2017,3.932777405
1690,Zambia,2018,4.041488171
1691,Zimbabwe,2006,3.826268435
1692,Zimbabwe,2007,3.280246735
1693,Zimbabwe,2008,3.1742637160000005
1694,Zimbabwe,2009,4.055914402
1695,Zimbabwe,2010,4.681569576
1696,Zimbabwe,2011,4.845641613
1697,Zimbabwe,2012,4.955100536000001
1698,Zimbabwe,2013,4.6901879310000005
1699,Zimbabwe,2014,4.184450626
1700,Zimbabwe,2015,3.70319128
1701,Zimbabwe,2016,3.7354002
1702,Zimbabwe,2017,3.63830018
1703,Zimbabwe,2018,3.616479874
